
****** Vitis HLS - High-Level Synthesis from C, C++ and OpenCL v2023.2 (64-bit)
  **** SW Build 4023990 on Oct 11 2023
  **** IP Build 4028589 on Sat Oct 14 00:45:43 MDT 2023
  **** SharedData Build 4025554 on Tue Oct 10 17:18:54 MDT 2023
    ** Copyright 1986-2022 Xilinx, Inc. All Rights Reserved.
    ** Copyright 2022-2023 Advanced Micro Devices, Inc. All Rights Reserved.

source /data/software/xilinx/Vitis_HLS/2023.2/scripts/vitis_hls/hls.tcl -notrace
INFO: [HLS 200-10] Running '/data/software/xilinx/Vitis_HLS/2023.2/bin/unwrapped/lnx64.o/vitis_hls'
INFO: [HLS 200-10] For user 'kayamaguchi' on host 'mulder.t2.ucsd.edu' (Linux_x86_64 version 4.18.0-553.137.1.el8_10.x86_64) on Sat Jul 04 04:38:00 PDT 2026
INFO: [HLS 200-10] On os "AlmaLinux release 8.10 (Cerulean Leopard)"
INFO: [HLS 200-10] In directory '/home/users/kayamaguchi/bnjet_hgq2/probe_bitlinear_rf256'
INFO: [HLS 200-2053] The vitis_hls executable is being deprecated. Consider using vitis-run --mode hls --tcl
Sourcing Tcl script 'build_prj.tcl'
INFO: [HLS 200-1510] Running: open_project myproject_prj 
INFO: [HLS 200-10] Creating and opening project '/home/users/kayamaguchi/bnjet_hgq2/probe_bitlinear_rf256/myproject_prj'.
INFO: [HLS 200-1510] Running: set_top myproject 
INFO: [HLS 200-1510] Running: add_files firmware/myproject.cpp -cflags -std=c++0x 
INFO: [HLS 200-10] Adding design file 'firmware/myproject.cpp' to the project
INFO: [HLS 200-1510] Running: add_files -tb myproject_test.cpp -cflags -std=c++0x 
INFO: [HLS 200-10] Adding test bench file 'myproject_test.cpp' to the project
INFO: [HLS 200-1510] Running: add_files -tb firmware/weights 
INFO: [HLS 200-10] Adding test bench file 'firmware/weights' to the project
INFO: [HLS 200-1510] Running: add_files -tb tb_data 
INFO: [HLS 200-10] Adding test bench file 'tb_data' to the project
INFO: [HLS 200-1510] Running: open_solution solution1 
INFO: [HLS 200-10] Creating and opening solution '/home/users/kayamaguchi/bnjet_hgq2/probe_bitlinear_rf256/myproject_prj/solution1'.
INFO: [HLS 200-1505] Using default flow_target 'vivado'
Resolution: For help on HLS 200-1505 see docs.xilinx.com/access/sources/dita/topic?Doc_Version=2023.2%20English&url=ug1448-hls-guidance&resourceid=200-1505.html
INFO: [HLS 200-1510] Running: config_array_partition -maximum_size 4096 
INFO: [XFORM 203-101] Allowed max sub elements number after partition is 4096.
ERROR: [HLS 200-642] The 'config_array_partition -maximum_size' command is not supported.
INFO: [HLS 200-1510] Running: config_compile -name_max_length 80 
INFO: [XFORM 203-1161] The maximum of name length is set to 80.
INFO: [HLS 200-1510] Running: set_part xcvu13p-flga2577-2-e 
INFO: [HLS 200-1611] Setting target device to 'xcvu13p-flga2577-2-e'
INFO: [XFORM 203-1161] The maximum of name length is set to 80.
INFO: [HLS 200-1510] Running: config_schedule -enable_dsp_full_reg=false 
INFO: [HLS 200-1510] Running: create_clock -period 2.5 -name default 
INFO: [SYN 201-201] Setting up clock 'default' with a period of 2.5ns.
INFO: [HLS 200-1510] Running: set_clock_uncertainty 27% default 
INFO: [SYN 201-201] Setting up clock 'default' with an uncertainty of 0.675ns.
***** C SIMULATION *****
INFO: [HLS 200-1510] Running: csim_design 
INFO: [SIM 211-2] *************** CSIM start ***************
INFO: [SIM 211-4] CSIM will launch GCC as the compiler.
INFO: [HLS 200-2036] Building debug C Simulation binaries
   Compiling ../../../../myproject_test.cpp in debug mode
   Compiling ../../../../firmware/myproject.cpp in debug mode
   Generating csim.exe
INFO: Unable to open input/predictions file, using default input.
0 0 0 0 0 0 0 0 0 0 0 0 0 0 0 0 0 0 0.015625 0 0 0 0 0 0 0 0 0 0 0 0 0 0 0 0 0 0 0 0 0 0 0 0 0 0 0 0 0 0 0 0 0 0 0 0 0 0 0 0 0 0 0 0 0 0 0 0 0 0 0 0 0 0 0 0 0 0 0 0 0 0 0 0 0 0 0 0 0 0 0 0 0 0 0 -0.015625 0 0 0 -0.015625 0 0 0 0 0 0 0 0 0 0 0 0 0 0 0 0 0 0 0 0 0 0 0 0 0 0 0 0 0 0 0 0 0 0 0.015625 0 0 0 0 0 0 0 0 0 0 0 0 0 0 0 0 0 0 0 0 0 0 0 0 0 0 0 0 0 0 0 0 0 0 0 0 0 0 -0.015625 0 0 0 0 0 0 0 0 0 0 0 0 0 0 0 0 0 0 0 0 0 0 0 0 0 0 0 0 0 0 0 0 0 0 0 0 0 0 0 0 0 0 0 0 0 0 0 0 0 0 0 0 0 0 0 0 0 0 0 0 0 0 0 0 0 0 0 0 0 0 0 0 0 0 0 0 0 0 0 0.015625 0 0 0 
0 0 0 0 0 0 0 0 0 0 0 0 0 0 0 0 0 0 0.015625 0 0 0 0 0 0 0 0 0 0 0 0 0 0 0 0 0 0 0 0 0 0 0 0 0 0 0 0 0 0 0 0 0 0 0 0 0 0 0 0 0 0 0 0 0 0 0 0 0 0 0 0 0 0 0 0 0 0 0 0 0 0 0 0 0 0 0 0 0 0 0 0 0 0 0 -0.015625 0 0 0 -0.015625 0 0 0 0 0 0 0 0 0 0 0 0 0 0 0 0 0 0 0 0 0 0 0 0 0 0 0 0 0 0 0 0 0 0 0.015625 0 0 0 0 0 0 0 0 0 0 0 0 0 0 0 0 0 0 0 0 0 0 0 0 0 0 0 0 0 0 0 0 0 0 0 0 0 0 -0.015625 0 0 0 0 0 0 0 0 0 0 0 0 0 0 0 0 0 0 0 0 0 0 0 0 0 0 0 0 0 0 0 0 0 0 0 0 0 0 0 0 0 0 0 0 0 0 0 0 0 0 0 0 0 0 0 0 0 0 0 0 0 0 0 0 0 0 0 0 0 0 0 0 0 0 0 0 0 0 0 0.015625 0 0 0 
0 0 0 0 0 0 0 0 0 0 0 0 0 0 0 0 0 0 0.015625 0 0 0 0 0 0 0 0 0 0 0 0 0 0 0 0 0 0 0 0 0 0 0 0 0 0 0 0 0 0 0 0 0 0 0 0 0 0 0 0 0 0 0 0 0 0 0 0 0 0 0 0 0 0 0 0 0 0 0 0 0 0 0 0 0 0 0 0 0 0 0 0 0 0 0 -0.015625 0 0 0 -0.015625 0 0 0 0 0 0 0 0 0 0 0 0 0 0 0 0 0 0 0 0 0 0 0 0 0 0 0 0 0 0 0 0 0 0 0.015625 0 0 0 0 0 0 0 0 0 0 0 0 0 0 0 0 0 0 0 0 0 0 0 0 0 0 0 0 0 0 0 0 0 0 0 0 0 0 -0.015625 0 0 0 0 0 0 0 0 0 0 0 0 0 0 0 0 0 0 0 0 0 0 0 0 0 0 0 0 0 0 0 0 0 0 0 0 0 0 0 0 0 0 0 0 0 0 0 0 0 0 0 0 0 0 0 0 0 0 0 0 0 0 0 0 0 0 0 0 0 0 0 0 0 0 0 0 0 0 0 0.015625 0 0 0 
0 0 0 0 0 0 0 0 0 0 0 0 0 0 0 0 0 0 0.015625 0 0 0 0 0 0 0 0 0 0 0 0 0 0 0 0 0 0 0 0 0 0 0 0 0 0 0 0 0 0 0 0 0 0 0 0 0 0 0 0 0 0 0 0 0 0 0 0 0 0 0 0 0 0 0 0 0 0 0 0 0 0 0 0 0 0 0 0 0 0 0 0 0 0 0 -0.015625 0 0 0 -0.015625 0 0 0 0 0 0 0 0 0 0 0 0 0 0 0 0 0 0 0 0 0 0 0 0 0 0 0 0 0 0 0 0 0 0 0.015625 0 0 0 0 0 0 0 0 0 0 0 0 0 0 0 0 0 0 0 0 0 0 0 0 0 0 0 0 0 0 0 0 0 0 0 0 0 0 -0.015625 0 0 0 0 0 0 0 0 0 0 0 0 0 0 0 0 0 0 0 0 0 0 0 0 0 0 0 0 0 0 0 0 0 0 0 0 0 0 0 0 0 0 0 0 0 0 0 0 0 0 0 0 0 0 0 0 0 0 0 0 0 0 0 0 0 0 0 0 0 0 0 0 0 0 0 0 0 0 0 0.015625 0 0 0 
0 0 0 0 0 0 0 0 0 0 0 0 0 0 0 0 0 0 0.015625 0 0 0 0 0 0 0 0 0 0 0 0 0 0 0 0 0 0 0 0 0 0 0 0 0 0 0 0 0 0 0 0 0 0 0 0 0 0 0 0 0 0 0 0 0 0 0 0 0 0 0 0 0 0 0 0 0 0 0 0 0 0 0 0 0 0 0 0 0 0 0 0 0 0 0 -0.015625 0 0 0 -0.015625 0 0 0 0 0 0 0 0 0 0 0 0 0 0 0 0 0 0 0 0 0 0 0 0 0 0 0 0 0 0 0 0 0 0 0.015625 0 0 0 0 0 0 0 0 0 0 0 0 0 0 0 0 0 0 0 0 0 0 0 0 0 0 0 0 0 0 0 0 0 0 0 0 0 0 -0.015625 0 0 0 0 0 0 0 0 0 0 0 0 0 0 0 0 0 0 0 0 0 0 0 0 0 0 0 0 0 0 0 0 0 0 0 0 0 0 0 0 0 0 0 0 0 0 0 0 0 0 0 0 0 0 0 0 0 0 0 0 0 0 0 0 0 0 0 0 0 0 0 0 0 0 0 0 0 0 0 0.015625 0 0 0 
INFO: Saved inference results to file: tb_data/csim_results.log
INFO: [SIM 211-1] CSim done with 0 errors.
INFO: [SIM 211-3] *************** CSIM finish ***************
INFO: [HLS 200-111] Finished Command csim_design CPU user time: 6.46 seconds. CPU system time: 0.76 seconds. Elapsed time: 7.54 seconds; current allocated memory: 0.016 MB.
***** C SIMULATION COMPLETED IN 0h0m7s *****
***** C/RTL SYNTHESIS *****
INFO: [HLS 200-1510] Running: csynth_design 
INFO: [HLS 200-111] Finished File checks and directory preparation: CPU user time: 0.07 seconds. CPU system time: 0.02 seconds. Elapsed time: 0.1 seconds; current allocated memory: 263.375 MB.
INFO: [HLS 200-10] Analyzing design file 'firmware/myproject.cpp' ... 
WARNING: [HLS 207-5536] 'Resource pragma' is deprecated, use 'bind_op/bind_storage pragma' instead (firmware/nnet_utils/nnet_dense_resource.h:33:9)
WARNING: [HLS 207-5536] 'Resource pragma' is deprecated, use 'bind_op/bind_storage pragma' instead (firmware/nnet_utils/nnet_dense_resource.h:107:9)
WARNING: [HLS 207-5536] 'Resource pragma' is deprecated, use 'bind_op/bind_storage pragma' instead (firmware/nnet_utils/nnet_dense_resource.h:189:9)
WARNING: [HLS 214-113] Either use an argument of the function or declare the variable inside the dataflow loop body (firmware/myproject.cpp:37:69)
Resolution: For help on HLS 214-113 see docs.xilinx.com/access/sources/dita/topic?Doc_Version=2023.2%20English&url=ug1448-hls-guidance&resourceid=214-113.html
WARNING: [HLS 214-113] Either use an argument of the function or declare the variable inside the dataflow loop body (firmware/myproject.cpp:37:73)
Resolution: For help on HLS 214-113 see docs.xilinx.com/access/sources/dita/topic?Doc_Version=2023.2%20English&url=ug1448-hls-guidance&resourceid=214-113.html
WARNING: [HLS 200-471] Dataflow form checks found 2 issue(s) in file firmware/myproject.cpp
Resolution: For help on HLS 200-471 see docs.xilinx.com/access/sources/dita/topic?Doc_Version=2023.2%20English&url=ug1448-hls-guidance&resourceid=200-471.html
WARNING: [HLS 207-5292] unused parameter 'keep' (firmware/nnet_utils/nnet_helpers.h:285:99)
WARNING: [HLS 207-5292] unused parameter 'data' (firmware/nnet_utils/nnet_function_stubs.h:14:36)
WARNING: [HLS 207-5292] unused parameter 'buffer' (firmware/nnet_utils/nnet_function_stubs.h:15:36)
WARNING: [HLS 207-5292] unused parameter 'partition' (firmware/nnet_utils/nnet_function_stubs.h:16:44)
WARNING: [HLS 207-5292] unused parameter 'data' (firmware/nnet_utils/nnet_function_stubs.h:24:24)
WARNING: [HLS 207-5292] unused parameter 'buffer' (firmware/nnet_utils/nnet_function_stubs.h:25:24)
WARNING: [HLS 207-5292] unused parameter 'partition' (firmware/nnet_utils/nnet_function_stubs.h:26:32)
WARNING: [HLS 207-5292] unused parameter 'data' (firmware/nnet_utils/nnet_function_stubs.h:33:30)
WARNING: [HLS 207-5292] unused parameter 'res' (firmware/nnet_utils/nnet_function_stubs.h:33:58)
WARNING: [HLS 207-5292] unused parameter 'weights' (firmware/nnet_utils/nnet_function_stubs.h:34:51)
WARNING: [HLS 207-5292] unused parameter 'biases' (firmware/nnet_utils/nnet_function_stubs.h:35:49)
WARNING: [HLS 207-5292] unused parameter 'data' (firmware/nnet_utils/nnet_function_stubs.h:42:30)
WARNING: [HLS 207-5292] unused parameter 'res' (firmware/nnet_utils/nnet_function_stubs.h:42:58)
WARNING: [HLS 207-5292] unused parameter 'weights' (firmware/nnet_utils/nnet_function_stubs.h:43:51)
WARNING: [HLS 207-5292] unused parameter 'biases' (firmware/nnet_utils/nnet_function_stubs.h:44:49)
WARNING: [HLS 207-5292] unused parameter 'data' (firmware/nnet_utils/nnet_function_stubs.h:51:29)
WARNING: [HLS 207-5292] unused parameter 'res' (firmware/nnet_utils/nnet_function_stubs.h:51:80)
WARNING: [HLS 207-5292] unused parameter 'weights' (firmware/nnet_utils/nnet_function_stubs.h:52:50)
WARNING: [HLS 207-5292] unused parameter 'biases' (firmware/nnet_utils/nnet_function_stubs.h:53:48)
WARNING: [HLS 207-5292] unused parameter 'data' (firmware/nnet_utils/nnet_code_gen.h:16:39)
WARNING: [HLS 207-5292] unused parameter 'res' (firmware/nnet_utils/nnet_code_gen.h:17:38)
WARNING: [HLS 207-5292] unused parameter 'weights' (firmware/nnet_utils/nnet_code_gen.h:18:60)
WARNING: [HLS 207-5292] unused parameter 'biases' (firmware/nnet_utils/nnet_code_gen.h:19:58)
INFO: [HLS 200-111] Finished Source Code Analysis and Preprocessing: CPU user time: 26.04 seconds. CPU system time: 1.59 seconds. Elapsed time: 28.69 seconds; current allocated memory: 268.430 MB.
INFO: [HLS 200-777] Using interface defaults for 'Vivado' flow target.
INFO: [HLS 200-1995] There were 5,227 instructions in the design after the 'Compile/Link' phase of compilation. See the Design Size Report for more details: /home/users/kayamaguchi/bnjet_hgq2/probe_bitlinear_rf256/myproject_prj/solution1/syn/report/csynth_design_size.rpt
INFO: [HLS 200-1995] There were 88,310 instructions in the design after the 'Unroll/Inline (step 1)' phase of compilation. See the Design Size Report for more details: /home/users/kayamaguchi/bnjet_hgq2/probe_bitlinear_rf256/myproject_prj/solution1/syn/report/csynth_design_size.rpt
INFO: [HLS 200-1995] There were 32,344 instructions in the design after the 'Unroll/Inline (step 2)' phase of compilation. See the Design Size Report for more details: /home/users/kayamaguchi/bnjet_hgq2/probe_bitlinear_rf256/myproject_prj/solution1/syn/report/csynth_design_size.rpt
INFO: [HLS 200-1995] There were 32,082 instructions in the design after the 'Unroll/Inline (step 3)' phase of compilation. See the Design Size Report for more details: /home/users/kayamaguchi/bnjet_hgq2/probe_bitlinear_rf256/myproject_prj/solution1/syn/report/csynth_design_size.rpt
INFO: [HLS 200-1995] There were 30,284 instructions in the design after the 'Unroll/Inline (step 4)' phase of compilation. See the Design Size Report for more details: /home/users/kayamaguchi/bnjet_hgq2/probe_bitlinear_rf256/myproject_prj/solution1/syn/report/csynth_design_size.rpt
INFO: [HLS 200-1995] There were 31,285 instructions in the design after the 'Array/Struct (step 1)' phase of compilation. See the Design Size Report for more details: /home/users/kayamaguchi/bnjet_hgq2/probe_bitlinear_rf256/myproject_prj/solution1/syn/report/csynth_design_size.rpt
INFO: [HLS 200-1995] There were 28,416 instructions in the design after the 'Array/Struct (step 2)' phase of compilation. See the Design Size Report for more details: /home/users/kayamaguchi/bnjet_hgq2/probe_bitlinear_rf256/myproject_prj/solution1/syn/report/csynth_design_size.rpt
INFO: [HLS 200-1995] There were 28,416 instructions in the design after the 'Array/Struct (step 3)' phase of compilation. See the Design Size Report for more details: /home/users/kayamaguchi/bnjet_hgq2/probe_bitlinear_rf256/myproject_prj/solution1/syn/report/csynth_design_size.rpt
INFO: [HLS 200-1995] There were 30,209 instructions in the design after the 'Array/Struct (step 4)' phase of compilation. See the Design Size Report for more details: /home/users/kayamaguchi/bnjet_hgq2/probe_bitlinear_rf256/myproject_prj/solution1/syn/report/csynth_design_size.rpt
INFO: [HLS 200-1995] There were 28,420 instructions in the design after the 'Array/Struct (step 5)' phase of compilation. See the Design Size Report for more details: /home/users/kayamaguchi/bnjet_hgq2/probe_bitlinear_rf256/myproject_prj/solution1/syn/report/csynth_design_size.rpt
INFO: [HLS 200-1995] There were 25,603 instructions in the design after the 'Performance' phase of compilation. See the Design Size Report for more details: /home/users/kayamaguchi/bnjet_hgq2/probe_bitlinear_rf256/myproject_prj/solution1/syn/report/csynth_design_size.rpt
INFO: [HLS 200-1995] There were 25,603 instructions in the design after the 'Performance (step 2)' phase of compilation. See the Design Size Report for more details: /home/users/kayamaguchi/bnjet_hgq2/probe_bitlinear_rf256/myproject_prj/solution1/syn/report/csynth_design_size.rpt
INFO: [HLS 200-1995] There were 25,603 instructions in the design after the 'Performance (step 3)' phase of compilation. See the Design Size Report for more details: /home/users/kayamaguchi/bnjet_hgq2/probe_bitlinear_rf256/myproject_prj/solution1/syn/report/csynth_design_size.rpt
INFO: [HLS 200-1995] There were 25,603 instructions in the design after the 'Performance (step 4)' phase of compilation. See the Design Size Report for more details: /home/users/kayamaguchi/bnjet_hgq2/probe_bitlinear_rf256/myproject_prj/solution1/syn/report/csynth_design_size.rpt
INFO: [HLS 200-1995] There were 25,860 instructions in the design after the 'HW Transforms' phase of compilation. See the Design Size Report for more details: /home/users/kayamaguchi/bnjet_hgq2/probe_bitlinear_rf256/myproject_prj/solution1/syn/report/csynth_design_size.rpt
INFO: [HLS 200-1995] There were 24,842 instructions in the design after the 'HW Transforms (step 2)' phase of compilation. See the Design Size Report for more details: /home/users/kayamaguchi/bnjet_hgq2/probe_bitlinear_rf256/myproject_prj/solution1/syn/report/csynth_design_size.rpt
WARNING: [HLS 214-273] In function 'void nnet::dense<ap_fixed<8, 3, (ap_q_mode)4, (ap_o_mode)0, 0>, ap_fixed<19, 7, (ap_q_mode)5, (ap_o_mode)3, 0>, config4>(ap_fixed<8, 3, (ap_q_mode)4, (ap_o_mode)0, 0>*, ap_fixed<19, 7, (ap_q_mode)5, (ap_o_mode)3, 0>*, config4::weight_t*, config4::bias_t*)', Pragma conflict happens on 'INLINE' and DATAFLOW pragmas: Inline into dataflow region may break the canonical form (firmware/nnet_utils/nnet_dense.h:43:0)
WARNING: [HLS 214-273] In function 'nnet::DenseResource_rf_leq_nin<ap_fixed<8, 3, (ap_q_mode)4, (ap_o_mode)0, 0>, ap_fixed<19, 7, (ap_q_mode)5, (ap_o_mode)3, 0>, config4>::dense(ap_fixed<8, 3, (ap_q_mode)4, (ap_o_mode)0, 0>*, ap_fixed<19, 7, (ap_q_mode)5, (ap_o_mode)3, 0>*, ap_fixed<4, -3, (ap_q_mode)5, (ap_o_mode)3, 0>*, ap_fixed<7, 1, (ap_q_mode)5, (ap_o_mode)3, 0>*)', Pragma conflict happens on 'INLINE' and DATAFLOW pragmas: Inline into dataflow region may break the canonical form (firmware/nnet_utils/nnet_dense.h:63:0)
INFO: [HLS 214-131] Inlining function 'nnet::product::mult<ap_fixed<8, 3, (ap_q_mode)4, (ap_o_mode)0, 0>, ap_fixed<4, -3, (ap_q_mode)5, (ap_o_mode)3, 0> >::product(ap_fixed<8, 3, (ap_q_mode)4, (ap_o_mode)0, 0>, ap_fixed<4, -3, (ap_q_mode)5, (ap_o_mode)3, 0>)' into 'void nnet::dense_resource_rf_leq_nin<ap_fixed<8, 3, (ap_q_mode)4, (ap_o_mode)0, 0>, ap_fixed<19, 7, (ap_q_mode)5, (ap_o_mode)3, 0>, config4>(ap_fixed<8, 3, (ap_q_mode)4, (ap_o_mode)0, 0>*, ap_fixed<19, 7, (ap_q_mode)5, (ap_o_mode)3, 0>*, config4::weight_t*, config4::bias_t*)' (firmware/nnet_utils/nnet_dense_resource.h:59:17)
INFO: [HLS 214-131] Inlining function 'nnet::DenseResource_rf_leq_nin<ap_fixed<8, 3, (ap_q_mode)4, (ap_o_mode)0, 0>, ap_fixed<19, 7, (ap_q_mode)5, (ap_o_mode)3, 0>, config4>::dense(ap_fixed<8, 3, (ap_q_mode)4, (ap_o_mode)0, 0>*, ap_fixed<19, 7, (ap_q_mode)5, (ap_o_mode)3, 0>*, ap_fixed<4, -3, (ap_q_mode)5, (ap_o_mode)3, 0>*, ap_fixed<7, 1, (ap_q_mode)5, (ap_o_mode)3, 0>*)' into 'void nnet::dense<ap_fixed<8, 3, (ap_q_mode)4, (ap_o_mode)0, 0>, ap_fixed<19, 7, (ap_q_mode)5, (ap_o_mode)3, 0>, config4>(ap_fixed<8, 3, (ap_q_mode)4, (ap_o_mode)0, 0>*, ap_fixed<19, 7, (ap_q_mode)5, (ap_o_mode)3, 0>*, config4::weight_t*, config4::bias_t*)' (firmware/nnet_utils/nnet_dense.h:45:2)
INFO: [HLS 214-131] Inlining function 'void nnet::dense<ap_fixed<8, 3, (ap_q_mode)4, (ap_o_mode)0, 0>, ap_fixed<19, 7, (ap_q_mode)5, (ap_o_mode)3, 0>, config4>(ap_fixed<8, 3, (ap_q_mode)4, (ap_o_mode)0, 0>*, ap_fixed<19, 7, (ap_q_mode)5, (ap_o_mode)3, 0>*, config4::weight_t*, config4::bias_t*)' into 'myproject(ap_fixed<31, 15, (ap_q_mode)5, (ap_o_mode)3, 0>*, ap_fixed<19, 7, (ap_q_mode)5, (ap_o_mode)3, 0>*)' (firmware/myproject.cpp:37:5)
INFO: [HLS 214-291] Loop 'MultLoop' is marked as complete unroll implied by the pipeline pragma (firmware/nnet_utils/nnet_dense_resource.h:55:9)
INFO: [HLS 214-291] Loop 'SUBLN_LOAD' is marked as complete unroll implied by the pipeline pragma (firmware/nnet_utils/nnet_subln.h:163:9)
INFO: [HLS 214-291] Loop 'SUBLN_STORE' is marked as complete unroll implied by the pipeline pragma (firmware/nnet_utils/nnet_subln.h:169:9)
INFO: [HLS 214-291] Loop 'SUBLN_RES' is marked as complete unroll implied by the pipeline pragma (firmware/nnet_utils/nnet_subln.h:125:5)
INFO: [HLS 214-291] Loop 'SUBLN_MSB' is marked as complete unroll implied by the pipeline pragma (firmware/nnet_utils/nnet_subln.h:106:5)
INFO: [HLS 214-291] Loop 'SUBLN_VAR' is marked as complete unroll implied by the pipeline pragma (firmware/nnet_utils/nnet_subln.h:93:5)
INFO: [HLS 214-291] Loop 'SUBLN_SUM' is marked as complete unroll implied by the pipeline pragma (firmware/nnet_utils/nnet_subln.h:81:5)
INFO: [HLS 214-186] Unrolling loop 'Result' (firmware/nnet_utils/nnet_dense_resource.h:80:5) in function 'nnet::dense_resource_rf_leq_nin<ap_fixed<8, 3, (ap_q_mode)4, (ap_o_mode)0, 0>, ap_fixed<19, 7, (ap_q_mode)5, (ap_o_mode)3, 0>, config4>' completely with a factor of 256 (firmware/nnet_utils/nnet_dense_resource.h:15:0)
INFO: [HLS 214-186] Unrolling loop 'MultLoop' (firmware/nnet_utils/nnet_dense_resource.h:55:9) in function 'nnet::dense_resource_rf_leq_nin<ap_fixed<8, 3, (ap_q_mode)4, (ap_o_mode)0, 0>, ap_fixed<19, 7, (ap_q_mode)5, (ap_o_mode)3, 0>, config4>' completely with a factor of 256 (firmware/nnet_utils/nnet_dense_resource.h:15:0)
INFO: [HLS 214-186] Unrolling loop 'InitAccum' (firmware/nnet_utils/nnet_dense_resource.h:40:5) in function 'nnet::dense_resource_rf_leq_nin<ap_fixed<8, 3, (ap_q_mode)4, (ap_o_mode)0, 0>, ap_fixed<19, 7, (ap_q_mode)5, (ap_o_mode)3, 0>, config4>' completely with a factor of 256 (firmware/nnet_utils/nnet_dense_resource.h:15:0)
INFO: [HLS 214-186] Unrolling loop 'SUBLN_LOAD' (firmware/nnet_utils/nnet_subln.h:163:9) in function 'nnet::subln<ap_fixed<31, 15, (ap_q_mode)5, (ap_o_mode)3, 0>, ap_fixed<8, 3, (ap_q_mode)4, (ap_o_mode)0, 0>, config2>' completely with a factor of 256 (firmware/nnet_utils/nnet_subln.h:134:0)
INFO: [HLS 214-186] Unrolling loop 'SUBLN_STORE' (firmware/nnet_utils/nnet_subln.h:169:9) in function 'nnet::subln<ap_fixed<31, 15, (ap_q_mode)5, (ap_o_mode)3, 0>, ap_fixed<8, 3, (ap_q_mode)4, (ap_o_mode)0, 0>, config2>' completely with a factor of 256 (firmware/nnet_utils/nnet_subln.h:134:0)
INFO: [HLS 214-186] Unrolling loop 'SUBLN_RES' (firmware/nnet_utils/nnet_subln.h:125:5) in function 'nnet::subln_1d<ap_fixed<31, 15, (ap_q_mode)5, (ap_o_mode)3, 0>, ap_fixed<8, 3, (ap_q_mode)4, (ap_o_mode)0, 0>, config2>' completely with a factor of 256 (firmware/nnet_utils/nnet_subln.h:62:0)
INFO: [HLS 214-186] Unrolling loop 'SUBLN_MSB' (firmware/nnet_utils/nnet_subln.h:106:5) in function 'nnet::subln_1d<ap_fixed<31, 15, (ap_q_mode)5, (ap_o_mode)3, 0>, ap_fixed<8, 3, (ap_q_mode)4, (ap_o_mode)0, 0>, config2>' completely with a factor of 65 (firmware/nnet_utils/nnet_subln.h:62:0)
INFO: [HLS 214-186] Unrolling loop 'SUBLN_VAR' (firmware/nnet_utils/nnet_subln.h:93:5) in function 'nnet::subln_1d<ap_fixed<31, 15, (ap_q_mode)5, (ap_o_mode)3, 0>, ap_fixed<8, 3, (ap_q_mode)4, (ap_o_mode)0, 0>, config2>' completely with a factor of 256 (firmware/nnet_utils/nnet_subln.h:62:0)
INFO: [HLS 214-186] Unrolling loop 'SUBLN_SUM' (firmware/nnet_utils/nnet_subln.h:81:5) in function 'nnet::subln_1d<ap_fixed<31, 15, (ap_q_mode)5, (ap_o_mode)3, 0>, ap_fixed<8, 3, (ap_q_mode)4, (ap_o_mode)0, 0>, config2>' completely with a factor of 256 (firmware/nnet_utils/nnet_subln.h:62:0)
INFO: [HLS 214-248] Applying array_partition to 'b4': Complete partitioning on dimension 1. (firmware/weights/b4.h:12:0)
INFO: [HLS 214-248] Applying array_partition to 'd': Complete partitioning on dimension 1. (firmware/nnet_utils/nnet_subln.h:89:12)
INFO: [HLS 214-248] Applying array_partition to 'in_val': Complete partitioning on dimension 1. (firmware/nnet_utils/nnet_subln.h:154:12)
INFO: [HLS 214-248] Applying array_partition to 'out_val': Complete partitioning on dimension 1. (firmware/nnet_utils/nnet_subln.h:155:11)
INFO: [HLS 214-248] Applying array_partition to 'acc': Complete partitioning on dimension 1. (firmware/nnet_utils/nnet_dense_resource.h:36:32)
INFO: [HLS 214-248] Applying array_partition to 'layer2_out': Complete partitioning on dimension 1. (firmware/myproject.cpp:32:10)
INFO: [HLS 214-248] Applying array_partition to 'layer4_out': Complete partitioning on dimension 1. (firmware/myproject.cpp:10:0)
INFO: [HLS 214-248] Applying array_reshape to 'w4': Block reshaping with factor 256 on dimension 1. (firmware/weights/w4.h:12:0)
INFO: [HLS 214-248] Applying array_reshape to 'inp': Complete reshaping on dimension 1. (firmware/myproject.cpp:10:0)
INFO: [HLS 200-111] Finished Compiling Optimization and Transform: CPU user time: 95.97 seconds. CPU system time: 1.11 seconds. Elapsed time: 102.07 seconds; current allocated memory: 269.688 MB.
INFO: [HLS 200-111] Finished Checking Pragmas: CPU user time: 0 seconds. CPU system time: 0 seconds. Elapsed time: 0 seconds; current allocated memory: 269.688 MB.
INFO: [HLS 200-10] Starting code transformations ...
INFO: [HLS 200-111] Finished Standard Transforms: CPU user time: 2.51 seconds. CPU system time: 0.04 seconds. Elapsed time: 2.59 seconds; current allocated memory: 312.250 MB.
INFO: [HLS 200-10] Checking synthesizability ...
INFO: [XFORM 203-602] Inlining function 'nnet::cast<ap_fixed<8, 3, (ap_q_mode)4, (ap_o_mode)0, 0>, ap_fixed<19, 7, (ap_q_mode)5, (ap_o_mode)3, 0>, config4>' into 'nnet::dense_resource_rf_leq_nin<ap_fixed<8, 3, (ap_q_mode)4, (ap_o_mode)0, 0>, ap_fixed<19, 7, (ap_q_mode)5, (ap_o_mode)3, 0>, config4>' (firmware/nnet_utils/nnet_dense_resource.h:82) automatically.
INFO: [HLS 200-111] Finished Checking Synthesizability: CPU user time: 19.92 seconds. CPU system time: 0.03 seconds. Elapsed time: 20.12 seconds; current allocated memory: 334.359 MB.
INFO: [XFORM 203-602] Inlining function 'nnet::cast<ap_fixed<8, 3, (ap_q_mode)4, (ap_o_mode)0, 0>, ap_fixed<19, 7, (ap_q_mode)5, (ap_o_mode)3, 0>, config4>' into 'nnet::dense_resource_rf_leq_nin<ap_fixed<8, 3, (ap_q_mode)4, (ap_o_mode)0, 0>, ap_fixed<19, 7, (ap_q_mode)5, (ap_o_mode)3, 0>, config4>' (firmware/nnet_utils/nnet_dense_resource.h:82) automatically.
INFO: [XFORM 203-712] Applying dataflow to function 'myproject' (firmware/myproject.cpp:32:1), detected/extracted 2 process function(s): 
	 'nnet::subln<ap_fixed<31, 15, (ap_q_mode)5, (ap_o_mode)3, 0>, ap_fixed<8, 3, (ap_q_mode)4, (ap_o_mode)0, 0>, config2>'
	 'nnet::dense_resource_rf_leq_nin<ap_fixed<8, 3, (ap_q_mode)4, (ap_o_mode)0, 0>, ap_fixed<19, 7, (ap_q_mode)5, (ap_o_mode)3, 0>, config4>'.
INFO: [XFORM 203-401] Performing if-conversion on hyperblock from (firmware/nnet_utils/nnet_subln.h:83:9) to (firmware/nnet_utils/nnet_subln.h:131:1) in function 'nnet::subln_1d<ap_fixed<31, 15, (ap_q_mode)5, (ap_o_mode)3, 0>, ap_fixed<8, 3, (ap_q_mode)4, (ap_o_mode)0, 0>, config2>'... converting 515 basic blocks.
INFO: [XFORM 203-11] Balancing expressions in function 'nnet::subln_1d<ap_fixed<31, 15, (ap_q_mode)5, (ap_o_mode)3, 0>, ap_fixed<8, 3, (ap_q_mode)4, (ap_o_mode)0, 0>, config2>' (firmware/nnet_utils/nnet_subln.h:79:6)...504 expression(s) balanced.
INFO: [HLS 200-111] Finished Loop, function and other optimizations: CPU user time: 50.71 seconds. CPU system time: 0.09 seconds. Elapsed time: 50.99 seconds; current allocated memory: 433.855 MB.
INFO: [XFORM 203-531] Rewinding loop 'ReuseLoop' (firmware/nnet_utils/nnet_dense_resource.h:46) in function 'dense_resource_rf_leq_nin<ap_fixed,ap_fixed<19,7,5,3,0>,config4>'.
INFO: [HLS 200-111] Finished Architecture Synthesis: CPU user time: 12.11 seconds. CPU system time: 0.07 seconds. Elapsed time: 12.25 seconds; current allocated memory: 574.957 MB.
INFO: [HLS 200-10] Starting hardware synthesis ...
INFO: [HLS 200-10] Synthesizing 'myproject' ...
WARNING: [SYN 201-103] Legalizing function name 'subln_1d<ap_fixed<31, 15, 5, 3, 0>, ap_fixed<8, 3, 4, 0, 0>, config2>' to 'subln_1d_ap_fixed_31_15_5_3_0_ap_fixed_8_3_4_0_0_config2_s'.
WARNING: [SYN 201-103] Legalizing function name 'subln<ap_fixed<31, 15, 5, 3, 0>, ap_fixed<8, 3, 4, 0, 0>, config2>' to 'subln_ap_fixed_31_15_5_3_0_ap_fixed_8_3_4_0_0_config2_s'.
WARNING: [SYN 201-103] Legalizing function name 'dense_resource_rf_leq_nin<ap_fixed,ap_fixed<19,7,5,3,0>,config4>' to 'dense_resource_rf_leq_nin_ap_fixed_ap_fixed_19_7_5_3_0_config4_s'.
INFO: [HLS 200-10] ----------------------------------------------------------------
INFO: [HLS 200-42] -- Implementing module 'subln_1d_ap_fixed_31_15_5_3_0_ap_fixed_8_3_4_0_0_config2_s' 
INFO: [HLS 200-10] ----------------------------------------------------------------
INFO: [SCHED 204-11] Starting scheduling ...
INFO: [SCHED 204-61] Pipelining function 'subln_1d<ap_fixed<31, 15, 5, 3, 0>, ap_fixed<8, 3, 4, 0, 0>, config2>'.
INFO: [HLS 200-1470] Pipelining result : Target II = 256, Final II = 256, Depth = 573, function 'subln_1d<ap_fixed<31, 15, 5, 3, 0>, ap_fixed<8, 3, 4, 0, 0>, config2>'
INFO: [SCHED 204-11] Finished scheduling.
INFO: [HLS 200-111] Finished Scheduling: CPU user time: 44.77 seconds. CPU system time: 0.51 seconds. Elapsed time: 45.5 seconds; current allocated memory: 1.125 GB.
INFO: [BIND 205-100] Starting micro-architecture generation ...
INFO: [BIND 205-101] Performing variable lifetime analysis.
INFO: [BIND 205-101] Exploring resource sharing.
INFO: [BIND 205-101] Binding ...
INFO: [BIND 205-100] Finished micro-architecture generation.
INFO: [HLS 200-111] Finished Binding: CPU user time: 17.98 seconds. CPU system time: 0.09 seconds. Elapsed time: 18.6 seconds; current allocated memory: 1.125 GB.
INFO: [HLS 200-10] ----------------------------------------------------------------
INFO: [HLS 200-42] -- Implementing module 'subln_ap_fixed_31_15_5_3_0_ap_fixed_8_3_4_0_0_config2_s' 
INFO: [HLS 200-10] ----------------------------------------------------------------
INFO: [SCHED 204-11] Starting scheduling ...
WARNING: [HLS 200-871] Estimated clock period (2.089 ns) exceeds the target (target clock period: 2.500 ns, clock uncertainty: 0.675 ns, effective delay budget: 1.825 ns).
Resolution: For help on HLS 200-871 see docs.xilinx.com/access/sources/dita/topic?Doc_Version=2023.2%20English&url=ug1448-hls-guidance&resourceid=200-871.html
WARNING: [HLS 200-1016] The critical path in module 'subln_ap_fixed_31_15_5_3_0_ap_fixed_8_3_4_0_0_config2_s' consists of the following:
	'call' operation 2048 bit ('call_ret', firmware/nnet_utils/nnet_subln.h:167) to 'subln_1d<ap_fixed<31, 15, 5, 3, 0>, ap_fixed<8, 3, 4, 0, 0>, config2>' [260]  (2.089 ns)

Resolution: For help on HLS 200-1016 see docs.xilinx.com/access/sources/dita/topic?Doc_Version=2023.2%20English&url=ug1448-hls-guidance&resourceid=200-1016.html
INFO: [SCHED 204-11] Finished scheduling.
INFO: [HLS 200-111] Finished Scheduling: CPU user time: 6.11 seconds. CPU system time: 0.12 seconds. Elapsed time: 7.06 seconds; current allocated memory: 1.125 GB.
INFO: [BIND 205-100] Starting micro-architecture generation ...
INFO: [BIND 205-101] Performing variable lifetime analysis.
INFO: [BIND 205-101] Exploring resource sharing.
INFO: [BIND 205-101] Binding ...
INFO: [BIND 205-100] Finished micro-architecture generation.
INFO: [HLS 200-111] Finished Binding: CPU user time: 0.59 seconds. CPU system time: 0.02 seconds. Elapsed time: 0.71 seconds; current allocated memory: 1.125 GB.
INFO: [HLS 200-10] ----------------------------------------------------------------
INFO: [HLS 200-42] -- Implementing module 'dense_resource_rf_leq_nin_ap_fixed_ap_fixed_19_7_5_3_0_config4_s' 
INFO: [HLS 200-10] ----------------------------------------------------------------
INFO: [SCHED 204-11] Starting scheduling ...
INFO: [SCHED 204-61] Pipelining loop 'ReuseLoop'.
INFO: [HLS 200-1470] Pipelining result : Target II = 1, Final II = 1, Depth = 5, loop 'ReuseLoop'
WARNING: [HLS 200-871] Estimated clock period (2.039 ns) exceeds the target (target clock period: 2.500 ns, clock uncertainty: 0.675 ns, effective delay budget: 1.825 ns).
Resolution: For help on HLS 200-871 see docs.xilinx.com/access/sources/dita/topic?Doc_Version=2023.2%20English&url=ug1448-hls-guidance&resourceid=200-871.html
WARNING: [HLS 200-1016] The critical path in module 'dense_resource_rf_leq_nin_ap_fixed_ap_fixed_19_7_5_3_0_config4_s' consists of the following:
	'phi' operation 19 bit ('acc') with incoming values : ('acc', firmware/nnet_utils/nnet_dense_resource.h:58) [774]  (0.000 ns)
	'add' operation 19 bit of DSP[1559] ('acc', firmware/nnet_utils/nnet_dense_resource.h:58) [1559]  (2.039 ns)
	wire write operation ('layer4_out_0_write_ln82', firmware/nnet_utils/nnet_dense_resource.h:82) on port 'layer4_out_0' (firmware/nnet_utils/nnet_dense_resource.h:82) [2839]  (0.000 ns)

Resolution: For help on HLS 200-1016 see docs.xilinx.com/access/sources/dita/topic?Doc_Version=2023.2%20English&url=ug1448-hls-guidance&resourceid=200-1016.html
INFO: [SCHED 204-11] Finished scheduling.
INFO: [HLS 200-111] Finished Scheduling: CPU user time: 2.63 seconds. CPU system time: 0.04 seconds. Elapsed time: 3.12 seconds; current allocated memory: 1.125 GB.
INFO: [BIND 205-100] Starting micro-architecture generation ...
INFO: [BIND 205-101] Performing variable lifetime analysis.
INFO: [BIND 205-101] Exploring resource sharing.
INFO: [BIND 205-101] Binding ...
INFO: [BIND 205-100] Finished micro-architecture generation.
INFO: [HLS 200-111] Finished Binding: CPU user time: 0.53 seconds. CPU system time: 0.02 seconds. Elapsed time: 0.68 seconds; current allocated memory: 1.125 GB.
INFO: [HLS 200-10] ----------------------------------------------------------------
INFO: [HLS 200-42] -- Implementing module 'myproject' 
INFO: [HLS 200-10] ----------------------------------------------------------------
INFO: [SCHED 204-11] Starting scheduling ...
WARNING: [HLS 200-871] Estimated clock period (3.035 ns) exceeds the target (target clock period: 2.500 ns, clock uncertainty: 0.675 ns, effective delay budget: 1.825 ns).
Resolution: For help on HLS 200-871 see docs.xilinx.com/access/sources/dita/topic?Doc_Version=2023.2%20English&url=ug1448-hls-guidance&resourceid=200-871.html
WARNING: [HLS 200-1016] The critical path in module 'myproject' consists of the following:
	'call' operation 0 bit ('_ln65', firmware/nnet_utils/nnet_dense.h:65->firmware/nnet_utils/nnet_dense.h:45->firmware/myproject.cpp:37) to 'dense_resource_rf_leq_nin<ap_fixed,ap_fixed<19,7,5,3,0>,config4>' [1034]  (3.035 ns)

Resolution: For help on HLS 200-1016 see docs.xilinx.com/access/sources/dita/topic?Doc_Version=2023.2%20English&url=ug1448-hls-guidance&resourceid=200-1016.html
INFO: [SCHED 204-11] Finished scheduling.
INFO: [HLS 200-111] Finished Scheduling: CPU user time: 0.47 seconds. CPU system time: 0.03 seconds. Elapsed time: 0.78 seconds; current allocated memory: 1.125 GB.
INFO: [BIND 205-100] Starting micro-architecture generation ...
INFO: [BIND 205-101] Performing variable lifetime analysis.
INFO: [BIND 205-101] Exploring resource sharing.
INFO: [BIND 205-101] Binding ...
INFO: [BIND 205-100] Finished micro-architecture generation.
INFO: [HLS 200-111] Finished Binding: CPU user time: 0.17 seconds. CPU system time: 0.01 seconds. Elapsed time: 0.25 seconds; current allocated memory: 1.125 GB.
INFO: [HLS 200-10] ----------------------------------------------------------------
INFO: [HLS 200-10] -- Generating RTL for module 'subln_1d_ap_fixed_31_15_5_3_0_ap_fixed_8_3_4_0_0_config2_s' 
INFO: [HLS 200-10] ----------------------------------------------------------------
INFO: [SYN 201-210] Renamed object name 'subln_1d_ap_fixed_31_15_5_3_0_ap_fixed_8_3_4_0_0_config2_s_invsqrt_table_ROM_AUTO_1R' to 'subln_1d_ap_fixed_31_15_5_3_0_ap_fixed_8_3_4_0_0_config2_s_invsqrt_table_ROM_bkb' due to the length limit 80
INFO: [HLS 200-1030] Apply Unified Pipeline Control on module 'subln_1d_ap_fixed_31_15_5_3_0_ap_fixed_8_3_4_0_0_config2_s' pipeline 'subln_1d<ap_fixed<31, 15, 5, 3, 0>, ap_fixed<8, 3, 4, 0, 0>, config2>' pipeline type 'function pipeline'
INFO: [RTGEN 206-104] Estimated max fanout for 'subln_1d_ap_fixed_31_15_5_3_0_ap_fixed_8_3_4_0_0_config2_s' is 11814 from HDL expression: ((1'b0 == ap_block_pp0_stage9_11001) & (1'b1 == ap_CS_fsm_pp0_stage9))
INFO: [RTGEN 206-100] Generating core module 'mul_40s_18ns_58_5_1': 2 instance(s).
INFO: [RTGEN 206-100] Generating core module 'mul_40s_40s_79_5_1': 2 instance(s).
INFO: [RTGEN 206-100] Finished creating RTL model for 'subln_1d_ap_fixed_31_15_5_3_0_ap_fixed_8_3_4_0_0_config2_s'.
INFO: [RTMG 210-279] Implementing memory 'myproject_subln_1d_ap_fixed_31_15_5_3_0_ap_fixed_8_3_4_0_0_config2_s_invsqrt_table_ROM_bkb' using auto ROMs.
INFO: [HLS 200-111] Finished Creating RTL model: CPU user time: 15.79 seconds. CPU system time: 0.03 seconds. Elapsed time: 16.09 seconds; current allocated memory: 1.146 GB.
INFO: [HLS 200-10] ----------------------------------------------------------------
INFO: [HLS 200-10] -- Generating RTL for module 'subln_ap_fixed_31_15_5_3_0_ap_fixed_8_3_4_0_0_config2_s' 
INFO: [HLS 200-10] ----------------------------------------------------------------
INFO: [RTGEN 206-104] Estimated max fanout for 'subln_ap_fixed_31_15_5_3_0_ap_fixed_8_3_4_0_0_config2_s' is 7936 from HDL expression: (1'b1 == ap_CS_fsm_state1)
INFO: [RTGEN 206-100] Finished creating RTL model for 'subln_ap_fixed_31_15_5_3_0_ap_fixed_8_3_4_0_0_config2_s'.
INFO: [HLS 200-111] Finished Creating RTL model: CPU user time: 13.81 seconds. CPU system time: 0.86 seconds. Elapsed time: 16.64 seconds; current allocated memory: 1.319 GB.
INFO: [HLS 200-10] ----------------------------------------------------------------
INFO: [HLS 200-10] -- Generating RTL for module 'dense_resource_rf_leq_nin_ap_fixed_ap_fixed_19_7_5_3_0_config4_s' 
INFO: [HLS 200-10] ----------------------------------------------------------------
INFO: [SYN 201-210] Renamed object name 'dense_resource_rf_leq_nin_ap_fixed_ap_fixed_19_7_5_3_0_config4_s_w4_69_ROM_NP_BRAM_1R' to 'dense_resource_rf_leq_nin_ap_fixed_ap_fixed_19_7_5_3_0_config4_s_w4_69_ROM_NPcud' due to the length limit 80
INFO: [HLS 200-1030] Apply Unified Pipeline Control on module 'dense_resource_rf_leq_nin_ap_fixed_ap_fixed_19_7_5_3_0_config4_s' pipeline 'ReuseLoop' pipeline type 'rewind pipeline'
INFO: [HLS 200-1552] Enabling free running pipeline (frp) architecture on pipeline 'ReuseLoop' in module 'dense_resource_rf_leq_nin_ap_fixed_ap_fixed_19_7_5_3_0_config4_s'. Estimated max control fanout for pipeline is 33607.
INFO: [RTGEN 206-104] Estimated max fanout for 'dense_resource_rf_leq_nin_ap_fixed_ap_fixed_19_7_5_3_0_config4_s' is 9728 from HDL expression: ((1'b0 == ap_block_pp0_stage0_01001) & (ap_enable_reg_pp0_iter4 == 1'b1) & (icmp_ln46_reg_24184_pp0_iter3_reg == 1'd1))
INFO: [RTGEN 206-100] Generating core module 'mac_muladd_8s_4s_19s_19_3_1': 256 instance(s).
INFO: [RTGEN 206-100] Generating core module 'sparsemux_513_8_8_1_1': 1 instance(s).
INFO: [RTGEN 206-100] Finished creating RTL model for 'dense_resource_rf_leq_nin_ap_fixed_ap_fixed_19_7_5_3_0_config4_s'.
INFO: [RTMG 210-279] Implementing memory 'myproject_dense_resource_rf_leq_nin_ap_fixed_ap_fixed_19_7_5_3_0_config4_s_w4_69_ROM_NPcud' using block ROMs.
INFO: [HLS 200-111] Finished Creating RTL model: CPU user time: 2.28 seconds. CPU system time: 0.13 seconds. Elapsed time: 2.92 seconds; current allocated memory: 1.369 GB.
INFO: [HLS 200-10] ----------------------------------------------------------------
INFO: [HLS 200-10] -- Generating RTL for module 'myproject' 
INFO: [HLS 200-10] ----------------------------------------------------------------
INFO: [RTGEN 206-500] Setting interface mode on port 'myproject/inp' to 'ap_vld'.
INFO: [RTGEN 206-500] Setting interface mode on port 'myproject/layer4_out_0' to 'ap_vld'.
INFO: [RTGEN 206-500] Setting interface mode on port 'myproject/layer4_out_1' to 'ap_vld'.
INFO: [RTGEN 206-500] Setting interface mode on port 'myproject/layer4_out_2' to 'ap_vld'.
INFO: [RTGEN 206-500] Setting interface mode on port 'myproject/layer4_out_3' to 'ap_vld'.
INFO: [RTGEN 206-500] Setting interface mode on port 'myproject/layer4_out_4' to 'ap_vld'.
INFO: [RTGEN 206-500] Setting interface mode on port 'myproject/layer4_out_5' to 'ap_vld'.
INFO: [RTGEN 206-500] Setting interface mode on port 'myproject/layer4_out_6' to 'ap_vld'.
INFO: [RTGEN 206-500] Setting interface mode on port 'myproject/layer4_out_7' to 'ap_vld'.
INFO: [RTGEN 206-500] Setting interface mode on port 'myproject/layer4_out_8' to 'ap_vld'.
INFO: [RTGEN 206-500] Setting interface mode on port 'myproject/layer4_out_9' to 'ap_vld'.
INFO: [RTGEN 206-500] Setting interface mode on port 'myproject/layer4_out_10' to 'ap_vld'.
INFO: [RTGEN 206-500] Setting interface mode on port 'myproject/layer4_out_11' to 'ap_vld'.
INFO: [RTGEN 206-500] Setting interface mode on port 'myproject/layer4_out_12' to 'ap_vld'.
INFO: [RTGEN 206-500] Setting interface mode on port 'myproject/layer4_out_13' to 'ap_vld'.
INFO: [RTGEN 206-500] Setting interface mode on port 'myproject/layer4_out_14' to 'ap_vld'.
INFO: [RTGEN 206-500] Setting interface mode on port 'myproject/layer4_out_15' to 'ap_vld'.
INFO: [RTGEN 206-500] Setting interface mode on port 'myproject/layer4_out_16' to 'ap_vld'.
INFO: [RTGEN 206-500] Setting interface mode on port 'myproject/layer4_out_17' to 'ap_vld'.
INFO: [RTGEN 206-500] Setting interface mode on port 'myproject/layer4_out_18' to 'ap_vld'.
INFO: [RTGEN 206-500] Setting interface mode on port 'myproject/layer4_out_19' to 'ap_vld'.
INFO: [RTGEN 206-500] Setting interface mode on port 'myproject/layer4_out_20' to 'ap_vld'.
INFO: [RTGEN 206-500] Setting interface mode on port 'myproject/layer4_out_21' to 'ap_vld'.
INFO: [RTGEN 206-500] Setting interface mode on port 'myproject/layer4_out_22' to 'ap_vld'.
INFO: [RTGEN 206-500] Setting interface mode on port 'myproject/layer4_out_23' to 'ap_vld'.
INFO: [RTGEN 206-500] Setting interface mode on port 'myproject/layer4_out_24' to 'ap_vld'.
INFO: [RTGEN 206-500] Setting interface mode on port 'myproject/layer4_out_25' to 'ap_vld'.
INFO: [RTGEN 206-500] Setting interface mode on port 'myproject/layer4_out_26' to 'ap_vld'.
INFO: [RTGEN 206-500] Setting interface mode on port 'myproject/layer4_out_27' to 'ap_vld'.
INFO: [RTGEN 206-500] Setting interface mode on port 'myproject/layer4_out_28' to 'ap_vld'.
INFO: [RTGEN 206-500] Setting interface mode on port 'myproject/layer4_out_29' to 'ap_vld'.
INFO: [RTGEN 206-500] Setting interface mode on port 'myproject/layer4_out_30' to 'ap_vld'.
INFO: [RTGEN 206-500] Setting interface mode on port 'myproject/layer4_out_31' to 'ap_vld'.
INFO: [RTGEN 206-500] Setting interface mode on port 'myproject/layer4_out_32' to 'ap_vld'.
INFO: [RTGEN 206-500] Setting interface mode on port 'myproject/layer4_out_33' to 'ap_vld'.
INFO: [RTGEN 206-500] Setting interface mode on port 'myproject/layer4_out_34' to 'ap_vld'.
INFO: [RTGEN 206-500] Setting interface mode on port 'myproject/layer4_out_35' to 'ap_vld'.
INFO: [RTGEN 206-500] Setting interface mode on port 'myproject/layer4_out_36' to 'ap_vld'.
INFO: [RTGEN 206-500] Setting interface mode on port 'myproject/layer4_out_37' to 'ap_vld'.
INFO: [RTGEN 206-500] Setting interface mode on port 'myproject/layer4_out_38' to 'ap_vld'.
INFO: [RTGEN 206-500] Setting interface mode on port 'myproject/layer4_out_39' to 'ap_vld'.
INFO: [RTGEN 206-500] Setting interface mode on port 'myproject/layer4_out_40' to 'ap_vld'.
INFO: [RTGEN 206-500] Setting interface mode on port 'myproject/layer4_out_41' to 'ap_vld'.
INFO: [RTGEN 206-500] Setting interface mode on port 'myproject/layer4_out_42' to 'ap_vld'.
INFO: [RTGEN 206-500] Setting interface mode on port 'myproject/layer4_out_43' to 'ap_vld'.
INFO: [RTGEN 206-500] Setting interface mode on port 'myproject/layer4_out_44' to 'ap_vld'.
INFO: [RTGEN 206-500] Setting interface mode on port 'myproject/layer4_out_45' to 'ap_vld'.
INFO: [RTGEN 206-500] Setting interface mode on port 'myproject/layer4_out_46' to 'ap_vld'.
INFO: [RTGEN 206-500] Setting interface mode on port 'myproject/layer4_out_47' to 'ap_vld'.
INFO: [RTGEN 206-500] Setting interface mode on port 'myproject/layer4_out_48' to 'ap_vld'.
INFO: [RTGEN 206-500] Setting interface mode on port 'myproject/layer4_out_49' to 'ap_vld'.
INFO: [RTGEN 206-500] Setting interface mode on port 'myproject/layer4_out_50' to 'ap_vld'.
INFO: [RTGEN 206-500] Setting interface mode on port 'myproject/layer4_out_51' to 'ap_vld'.
INFO: [RTGEN 206-500] Setting interface mode on port 'myproject/layer4_out_52' to 'ap_vld'.
INFO: [RTGEN 206-500] Setting interface mode on port 'myproject/layer4_out_53' to 'ap_vld'.
INFO: [RTGEN 206-500] Setting interface mode on port 'myproject/layer4_out_54' to 'ap_vld'.
INFO: [RTGEN 206-500] Setting interface mode on port 'myproject/layer4_out_55' to 'ap_vld'.
INFO: [RTGEN 206-500] Setting interface mode on port 'myproject/layer4_out_56' to 'ap_vld'.
INFO: [RTGEN 206-500] Setting interface mode on port 'myproject/layer4_out_57' to 'ap_vld'.
INFO: [RTGEN 206-500] Setting interface mode on port 'myproject/layer4_out_58' to 'ap_vld'.
INFO: [RTGEN 206-500] Setting interface mode on port 'myproject/layer4_out_59' to 'ap_vld'.
INFO: [RTGEN 206-500] Setting interface mode on port 'myproject/layer4_out_60' to 'ap_vld'.
INFO: [RTGEN 206-500] Setting interface mode on port 'myproject/layer4_out_61' to 'ap_vld'.
INFO: [RTGEN 206-500] Setting interface mode on port 'myproject/layer4_out_62' to 'ap_vld'.
INFO: [RTGEN 206-500] Setting interface mode on port 'myproject/layer4_out_63' to 'ap_vld'.
INFO: [RTGEN 206-500] Setting interface mode on port 'myproject/layer4_out_64' to 'ap_vld'.
INFO: [RTGEN 206-500] Setting interface mode on port 'myproject/layer4_out_65' to 'ap_vld'.
INFO: [RTGEN 206-500] Setting interface mode on port 'myproject/layer4_out_66' to 'ap_vld'.
INFO: [RTGEN 206-500] Setting interface mode on port 'myproject/layer4_out_67' to 'ap_vld'.
INFO: [RTGEN 206-500] Setting interface mode on port 'myproject/layer4_out_68' to 'ap_vld'.
INFO: [RTGEN 206-500] Setting interface mode on port 'myproject/layer4_out_69' to 'ap_vld'.
INFO: [RTGEN 206-500] Setting interface mode on port 'myproject/layer4_out_70' to 'ap_vld'.
INFO: [RTGEN 206-500] Setting interface mode on port 'myproject/layer4_out_71' to 'ap_vld'.
INFO: [RTGEN 206-500] Setting interface mode on port 'myproject/layer4_out_72' to 'ap_vld'.
INFO: [RTGEN 206-500] Setting interface mode on port 'myproject/layer4_out_73' to 'ap_vld'.
INFO: [RTGEN 206-500] Setting interface mode on port 'myproject/layer4_out_74' to 'ap_vld'.
INFO: [RTGEN 206-500] Setting interface mode on port 'myproject/layer4_out_75' to 'ap_vld'.
INFO: [RTGEN 206-500] Setting interface mode on port 'myproject/layer4_out_76' to 'ap_vld'.
INFO: [RTGEN 206-500] Setting interface mode on port 'myproject/layer4_out_77' to 'ap_vld'.
INFO: [RTGEN 206-500] Setting interface mode on port 'myproject/layer4_out_78' to 'ap_vld'.
INFO: [RTGEN 206-500] Setting interface mode on port 'myproject/layer4_out_79' to 'ap_vld'.
INFO: [RTGEN 206-500] Setting interface mode on port 'myproject/layer4_out_80' to 'ap_vld'.
INFO: [RTGEN 206-500] Setting interface mode on port 'myproject/layer4_out_81' to 'ap_vld'.
INFO: [RTGEN 206-500] Setting interface mode on port 'myproject/layer4_out_82' to 'ap_vld'.
INFO: [RTGEN 206-500] Setting interface mode on port 'myproject/layer4_out_83' to 'ap_vld'.
INFO: [RTGEN 206-500] Setting interface mode on port 'myproject/layer4_out_84' to 'ap_vld'.
INFO: [RTGEN 206-500] Setting interface mode on port 'myproject/layer4_out_85' to 'ap_vld'.
INFO: [RTGEN 206-500] Setting interface mode on port 'myproject/layer4_out_86' to 'ap_vld'.
INFO: [RTGEN 206-500] Setting interface mode on port 'myproject/layer4_out_87' to 'ap_vld'.
INFO: [RTGEN 206-500] Setting interface mode on port 'myproject/layer4_out_88' to 'ap_vld'.
INFO: [RTGEN 206-500] Setting interface mode on port 'myproject/layer4_out_89' to 'ap_vld'.
INFO: [RTGEN 206-500] Setting interface mode on port 'myproject/layer4_out_90' to 'ap_vld'.
INFO: [RTGEN 206-500] Setting interface mode on port 'myproject/layer4_out_91' to 'ap_vld'.
INFO: [RTGEN 206-500] Setting interface mode on port 'myproject/layer4_out_92' to 'ap_vld'.
INFO: [RTGEN 206-500] Setting interface mode on port 'myproject/layer4_out_93' to 'ap_vld'.
INFO: [RTGEN 206-500] Setting interface mode on port 'myproject/layer4_out_94' to 'ap_vld'.
INFO: [RTGEN 206-500] Setting interface mode on port 'myproject/layer4_out_95' to 'ap_vld'.
INFO: [RTGEN 206-500] Setting interface mode on port 'myproject/layer4_out_96' to 'ap_vld'.
INFO: [RTGEN 206-500] Setting interface mode on port 'myproject/layer4_out_97' to 'ap_vld'.
INFO: [RTGEN 206-500] Setting interface mode on port 'myproject/layer4_out_98' to 'ap_vld'.
INFO: [RTGEN 206-500] Setting interface mode on port 'myproject/layer4_out_99' to 'ap_vld'.
INFO: [RTGEN 206-500] Setting interface mode on port 'myproject/layer4_out_100' to 'ap_vld'.
INFO: [RTGEN 206-500] Setting interface mode on port 'myproject/layer4_out_101' to 'ap_vld'.
INFO: [RTGEN 206-500] Setting interface mode on port 'myproject/layer4_out_102' to 'ap_vld'.
INFO: [RTGEN 206-500] Setting interface mode on port 'myproject/layer4_out_103' to 'ap_vld'.
INFO: [RTGEN 206-500] Setting interface mode on port 'myproject/layer4_out_104' to 'ap_vld'.
INFO: [RTGEN 206-500] Setting interface mode on port 'myproject/layer4_out_105' to 'ap_vld'.
INFO: [RTGEN 206-500] Setting interface mode on port 'myproject/layer4_out_106' to 'ap_vld'.
INFO: [RTGEN 206-500] Setting interface mode on port 'myproject/layer4_out_107' to 'ap_vld'.
INFO: [RTGEN 206-500] Setting interface mode on port 'myproject/layer4_out_108' to 'ap_vld'.
INFO: [RTGEN 206-500] Setting interface mode on port 'myproject/layer4_out_109' to 'ap_vld'.
INFO: [RTGEN 206-500] Setting interface mode on port 'myproject/layer4_out_110' to 'ap_vld'.
INFO: [RTGEN 206-500] Setting interface mode on port 'myproject/layer4_out_111' to 'ap_vld'.
INFO: [RTGEN 206-500] Setting interface mode on port 'myproject/layer4_out_112' to 'ap_vld'.
INFO: [RTGEN 206-500] Setting interface mode on port 'myproject/layer4_out_113' to 'ap_vld'.
INFO: [RTGEN 206-500] Setting interface mode on port 'myproject/layer4_out_114' to 'ap_vld'.
INFO: [RTGEN 206-500] Setting interface mode on port 'myproject/layer4_out_115' to 'ap_vld'.
INFO: [RTGEN 206-500] Setting interface mode on port 'myproject/layer4_out_116' to 'ap_vld'.
INFO: [RTGEN 206-500] Setting interface mode on port 'myproject/layer4_out_117' to 'ap_vld'.
INFO: [RTGEN 206-500] Setting interface mode on port 'myproject/layer4_out_118' to 'ap_vld'.
INFO: [RTGEN 206-500] Setting interface mode on port 'myproject/layer4_out_119' to 'ap_vld'.
INFO: [RTGEN 206-500] Setting interface mode on port 'myproject/layer4_out_120' to 'ap_vld'.
INFO: [RTGEN 206-500] Setting interface mode on port 'myproject/layer4_out_121' to 'ap_vld'.
INFO: [RTGEN 206-500] Setting interface mode on port 'myproject/layer4_out_122' to 'ap_vld'.
INFO: [RTGEN 206-500] Setting interface mode on port 'myproject/layer4_out_123' to 'ap_vld'.
INFO: [RTGEN 206-500] Setting interface mode on port 'myproject/layer4_out_124' to 'ap_vld'.
INFO: [RTGEN 206-500] Setting interface mode on port 'myproject/layer4_out_125' to 'ap_vld'.
INFO: [RTGEN 206-500] Setting interface mode on port 'myproject/layer4_out_126' to 'ap_vld'.
INFO: [RTGEN 206-500] Setting interface mode on port 'myproject/layer4_out_127' to 'ap_vld'.
INFO: [RTGEN 206-500] Setting interface mode on port 'myproject/layer4_out_128' to 'ap_vld'.
INFO: [RTGEN 206-500] Setting interface mode on port 'myproject/layer4_out_129' to 'ap_vld'.
INFO: [RTGEN 206-500] Setting interface mode on port 'myproject/layer4_out_130' to 'ap_vld'.
INFO: [RTGEN 206-500] Setting interface mode on port 'myproject/layer4_out_131' to 'ap_vld'.
INFO: [RTGEN 206-500] Setting interface mode on port 'myproject/layer4_out_132' to 'ap_vld'.
INFO: [RTGEN 206-500] Setting interface mode on port 'myproject/layer4_out_133' to 'ap_vld'.
INFO: [RTGEN 206-500] Setting interface mode on port 'myproject/layer4_out_134' to 'ap_vld'.
INFO: [RTGEN 206-500] Setting interface mode on port 'myproject/layer4_out_135' to 'ap_vld'.
INFO: [RTGEN 206-500] Setting interface mode on port 'myproject/layer4_out_136' to 'ap_vld'.
INFO: [RTGEN 206-500] Setting interface mode on port 'myproject/layer4_out_137' to 'ap_vld'.
INFO: [RTGEN 206-500] Setting interface mode on port 'myproject/layer4_out_138' to 'ap_vld'.
INFO: [RTGEN 206-500] Setting interface mode on port 'myproject/layer4_out_139' to 'ap_vld'.
INFO: [RTGEN 206-500] Setting interface mode on port 'myproject/layer4_out_140' to 'ap_vld'.
INFO: [RTGEN 206-500] Setting interface mode on port 'myproject/layer4_out_141' to 'ap_vld'.
INFO: [RTGEN 206-500] Setting interface mode on port 'myproject/layer4_out_142' to 'ap_vld'.
INFO: [RTGEN 206-500] Setting interface mode on port 'myproject/layer4_out_143' to 'ap_vld'.
INFO: [RTGEN 206-500] Setting interface mode on port 'myproject/layer4_out_144' to 'ap_vld'.
INFO: [RTGEN 206-500] Setting interface mode on port 'myproject/layer4_out_145' to 'ap_vld'.
INFO: [RTGEN 206-500] Setting interface mode on port 'myproject/layer4_out_146' to 'ap_vld'.
INFO: [RTGEN 206-500] Setting interface mode on port 'myproject/layer4_out_147' to 'ap_vld'.
INFO: [RTGEN 206-500] Setting interface mode on port 'myproject/layer4_out_148' to 'ap_vld'.
INFO: [RTGEN 206-500] Setting interface mode on port 'myproject/layer4_out_149' to 'ap_vld'.
INFO: [RTGEN 206-500] Setting interface mode on port 'myproject/layer4_out_150' to 'ap_vld'.
INFO: [RTGEN 206-500] Setting interface mode on port 'myproject/layer4_out_151' to 'ap_vld'.
INFO: [RTGEN 206-500] Setting interface mode on port 'myproject/layer4_out_152' to 'ap_vld'.
INFO: [RTGEN 206-500] Setting interface mode on port 'myproject/layer4_out_153' to 'ap_vld'.
INFO: [RTGEN 206-500] Setting interface mode on port 'myproject/layer4_out_154' to 'ap_vld'.
INFO: [RTGEN 206-500] Setting interface mode on port 'myproject/layer4_out_155' to 'ap_vld'.
INFO: [RTGEN 206-500] Setting interface mode on port 'myproject/layer4_out_156' to 'ap_vld'.
INFO: [RTGEN 206-500] Setting interface mode on port 'myproject/layer4_out_157' to 'ap_vld'.
INFO: [RTGEN 206-500] Setting interface mode on port 'myproject/layer4_out_158' to 'ap_vld'.
INFO: [RTGEN 206-500] Setting interface mode on port 'myproject/layer4_out_159' to 'ap_vld'.
INFO: [RTGEN 206-500] Setting interface mode on port 'myproject/layer4_out_160' to 'ap_vld'.
INFO: [RTGEN 206-500] Setting interface mode on port 'myproject/layer4_out_161' to 'ap_vld'.
INFO: [RTGEN 206-500] Setting interface mode on port 'myproject/layer4_out_162' to 'ap_vld'.
INFO: [RTGEN 206-500] Setting interface mode on port 'myproject/layer4_out_163' to 'ap_vld'.
INFO: [RTGEN 206-500] Setting interface mode on port 'myproject/layer4_out_164' to 'ap_vld'.
INFO: [RTGEN 206-500] Setting interface mode on port 'myproject/layer4_out_165' to 'ap_vld'.
INFO: [RTGEN 206-500] Setting interface mode on port 'myproject/layer4_out_166' to 'ap_vld'.
INFO: [RTGEN 206-500] Setting interface mode on port 'myproject/layer4_out_167' to 'ap_vld'.
INFO: [RTGEN 206-500] Setting interface mode on port 'myproject/layer4_out_168' to 'ap_vld'.
INFO: [RTGEN 206-500] Setting interface mode on port 'myproject/layer4_out_169' to 'ap_vld'.
INFO: [RTGEN 206-500] Setting interface mode on port 'myproject/layer4_out_170' to 'ap_vld'.
INFO: [RTGEN 206-500] Setting interface mode on port 'myproject/layer4_out_171' to 'ap_vld'.
INFO: [RTGEN 206-500] Setting interface mode on port 'myproject/layer4_out_172' to 'ap_vld'.
INFO: [RTGEN 206-500] Setting interface mode on port 'myproject/layer4_out_173' to 'ap_vld'.
INFO: [RTGEN 206-500] Setting interface mode on port 'myproject/layer4_out_174' to 'ap_vld'.
INFO: [RTGEN 206-500] Setting interface mode on port 'myproject/layer4_out_175' to 'ap_vld'.
INFO: [RTGEN 206-500] Setting interface mode on port 'myproject/layer4_out_176' to 'ap_vld'.
INFO: [RTGEN 206-500] Setting interface mode on port 'myproject/layer4_out_177' to 'ap_vld'.
INFO: [RTGEN 206-500] Setting interface mode on port 'myproject/layer4_out_178' to 'ap_vld'.
INFO: [RTGEN 206-500] Setting interface mode on port 'myproject/layer4_out_179' to 'ap_vld'.
INFO: [RTGEN 206-500] Setting interface mode on port 'myproject/layer4_out_180' to 'ap_vld'.
INFO: [RTGEN 206-500] Setting interface mode on port 'myproject/layer4_out_181' to 'ap_vld'.
INFO: [RTGEN 206-500] Setting interface mode on port 'myproject/layer4_out_182' to 'ap_vld'.
INFO: [RTGEN 206-500] Setting interface mode on port 'myproject/layer4_out_183' to 'ap_vld'.
INFO: [RTGEN 206-500] Setting interface mode on port 'myproject/layer4_out_184' to 'ap_vld'.
INFO: [RTGEN 206-500] Setting interface mode on port 'myproject/layer4_out_185' to 'ap_vld'.
INFO: [RTGEN 206-500] Setting interface mode on port 'myproject/layer4_out_186' to 'ap_vld'.
INFO: [RTGEN 206-500] Setting interface mode on port 'myproject/layer4_out_187' to 'ap_vld'.
INFO: [RTGEN 206-500] Setting interface mode on port 'myproject/layer4_out_188' to 'ap_vld'.
INFO: [RTGEN 206-500] Setting interface mode on port 'myproject/layer4_out_189' to 'ap_vld'.
INFO: [RTGEN 206-500] Setting interface mode on port 'myproject/layer4_out_190' to 'ap_vld'.
INFO: [RTGEN 206-500] Setting interface mode on port 'myproject/layer4_out_191' to 'ap_vld'.
INFO: [RTGEN 206-500] Setting interface mode on port 'myproject/layer4_out_192' to 'ap_vld'.
INFO: [RTGEN 206-500] Setting interface mode on port 'myproject/layer4_out_193' to 'ap_vld'.
INFO: [RTGEN 206-500] Setting interface mode on port 'myproject/layer4_out_194' to 'ap_vld'.
INFO: [RTGEN 206-500] Setting interface mode on port 'myproject/layer4_out_195' to 'ap_vld'.
INFO: [RTGEN 206-500] Setting interface mode on port 'myproject/layer4_out_196' to 'ap_vld'.
INFO: [RTGEN 206-500] Setting interface mode on port 'myproject/layer4_out_197' to 'ap_vld'.
INFO: [RTGEN 206-500] Setting interface mode on port 'myproject/layer4_out_198' to 'ap_vld'.
INFO: [RTGEN 206-500] Setting interface mode on port 'myproject/layer4_out_199' to 'ap_vld'.
INFO: [RTGEN 206-500] Setting interface mode on port 'myproject/layer4_out_200' to 'ap_vld'.
INFO: [RTGEN 206-500] Setting interface mode on port 'myproject/layer4_out_201' to 'ap_vld'.
INFO: [RTGEN 206-500] Setting interface mode on port 'myproject/layer4_out_202' to 'ap_vld'.
INFO: [RTGEN 206-500] Setting interface mode on port 'myproject/layer4_out_203' to 'ap_vld'.
INFO: [RTGEN 206-500] Setting interface mode on port 'myproject/layer4_out_204' to 'ap_vld'.
INFO: [RTGEN 206-500] Setting interface mode on port 'myproject/layer4_out_205' to 'ap_vld'.
INFO: [RTGEN 206-500] Setting interface mode on port 'myproject/layer4_out_206' to 'ap_vld'.
INFO: [RTGEN 206-500] Setting interface mode on port 'myproject/layer4_out_207' to 'ap_vld'.
INFO: [RTGEN 206-500] Setting interface mode on port 'myproject/layer4_out_208' to 'ap_vld'.
INFO: [RTGEN 206-500] Setting interface mode on port 'myproject/layer4_out_209' to 'ap_vld'.
INFO: [RTGEN 206-500] Setting interface mode on port 'myproject/layer4_out_210' to 'ap_vld'.
INFO: [RTGEN 206-500] Setting interface mode on port 'myproject/layer4_out_211' to 'ap_vld'.
INFO: [RTGEN 206-500] Setting interface mode on port 'myproject/layer4_out_212' to 'ap_vld'.
INFO: [RTGEN 206-500] Setting interface mode on port 'myproject/layer4_out_213' to 'ap_vld'.
INFO: [RTGEN 206-500] Setting interface mode on port 'myproject/layer4_out_214' to 'ap_vld'.
INFO: [RTGEN 206-500] Setting interface mode on port 'myproject/layer4_out_215' to 'ap_vld'.
INFO: [RTGEN 206-500] Setting interface mode on port 'myproject/layer4_out_216' to 'ap_vld'.
INFO: [RTGEN 206-500] Setting interface mode on port 'myproject/layer4_out_217' to 'ap_vld'.
INFO: [RTGEN 206-500] Setting interface mode on port 'myproject/layer4_out_218' to 'ap_vld'.
INFO: [RTGEN 206-500] Setting interface mode on port 'myproject/layer4_out_219' to 'ap_vld'.
INFO: [RTGEN 206-500] Setting interface mode on port 'myproject/layer4_out_220' to 'ap_vld'.
INFO: [RTGEN 206-500] Setting interface mode on port 'myproject/layer4_out_221' to 'ap_vld'.
INFO: [RTGEN 206-500] Setting interface mode on port 'myproject/layer4_out_222' to 'ap_vld'.
INFO: [RTGEN 206-500] Setting interface mode on port 'myproject/layer4_out_223' to 'ap_vld'.
INFO: [RTGEN 206-500] Setting interface mode on port 'myproject/layer4_out_224' to 'ap_vld'.
INFO: [RTGEN 206-500] Setting interface mode on port 'myproject/layer4_out_225' to 'ap_vld'.
INFO: [RTGEN 206-500] Setting interface mode on port 'myproject/layer4_out_226' to 'ap_vld'.
INFO: [RTGEN 206-500] Setting interface mode on port 'myproject/layer4_out_227' to 'ap_vld'.
INFO: [RTGEN 206-500] Setting interface mode on port 'myproject/layer4_out_228' to 'ap_vld'.
INFO: [RTGEN 206-500] Setting interface mode on port 'myproject/layer4_out_229' to 'ap_vld'.
INFO: [RTGEN 206-500] Setting interface mode on port 'myproject/layer4_out_230' to 'ap_vld'.
INFO: [RTGEN 206-500] Setting interface mode on port 'myproject/layer4_out_231' to 'ap_vld'.
INFO: [RTGEN 206-500] Setting interface mode on port 'myproject/layer4_out_232' to 'ap_vld'.
INFO: [RTGEN 206-500] Setting interface mode on port 'myproject/layer4_out_233' to 'ap_vld'.
INFO: [RTGEN 206-500] Setting interface mode on port 'myproject/layer4_out_234' to 'ap_vld'.
INFO: [RTGEN 206-500] Setting interface mode on port 'myproject/layer4_out_235' to 'ap_vld'.
INFO: [RTGEN 206-500] Setting interface mode on port 'myproject/layer4_out_236' to 'ap_vld'.
INFO: [RTGEN 206-500] Setting interface mode on port 'myproject/layer4_out_237' to 'ap_vld'.
INFO: [RTGEN 206-500] Setting interface mode on port 'myproject/layer4_out_238' to 'ap_vld'.
INFO: [RTGEN 206-500] Setting interface mode on port 'myproject/layer4_out_239' to 'ap_vld'.
INFO: [RTGEN 206-500] Setting interface mode on port 'myproject/layer4_out_240' to 'ap_vld'.
INFO: [RTGEN 206-500] Setting interface mode on port 'myproject/layer4_out_241' to 'ap_vld'.
INFO: [RTGEN 206-500] Setting interface mode on port 'myproject/layer4_out_242' to 'ap_vld'.
INFO: [RTGEN 206-500] Setting interface mode on port 'myproject/layer4_out_243' to 'ap_vld'.
INFO: [RTGEN 206-500] Setting interface mode on port 'myproject/layer4_out_244' to 'ap_vld'.
INFO: [RTGEN 206-500] Setting interface mode on port 'myproject/layer4_out_245' to 'ap_vld'.
INFO: [RTGEN 206-500] Setting interface mode on port 'myproject/layer4_out_246' to 'ap_vld'.
INFO: [RTGEN 206-500] Setting interface mode on port 'myproject/layer4_out_247' to 'ap_vld'.
INFO: [RTGEN 206-500] Setting interface mode on port 'myproject/layer4_out_248' to 'ap_vld'.
INFO: [RTGEN 206-500] Setting interface mode on port 'myproject/layer4_out_249' to 'ap_vld'.
INFO: [RTGEN 206-500] Setting interface mode on port 'myproject/layer4_out_250' to 'ap_vld'.
INFO: [RTGEN 206-500] Setting interface mode on port 'myproject/layer4_out_251' to 'ap_vld'.
INFO: [RTGEN 206-500] Setting interface mode on port 'myproject/layer4_out_252' to 'ap_vld'.
INFO: [RTGEN 206-500] Setting interface mode on port 'myproject/layer4_out_253' to 'ap_vld'.
INFO: [RTGEN 206-500] Setting interface mode on port 'myproject/layer4_out_254' to 'ap_vld'.
INFO: [RTGEN 206-500] Setting interface mode on port 'myproject/layer4_out_255' to 'ap_vld'.
INFO: [RTGEN 206-500] Setting interface mode on function 'myproject' to 'ap_ctrl_hs'.
INFO: [RTGEN 206-100] Finished creating RTL model for 'myproject'.
INFO: [RTMG 210-285] Implementing FIFO 'layer2_out_U(myproject_fifo_w8_d2_S)' using Shift Registers.
INFO: [RTMG 210-285] Implementing FIFO 'layer2_out_1_U(myproject_fifo_w8_d2_S)' using Shift Registers.
INFO: [RTMG 210-285] Implementing FIFO 'layer2_out_2_U(myproject_fifo_w8_d2_S)' using Shift Registers.
INFO: [RTMG 210-285] Implementing FIFO 'layer2_out_3_U(myproject_fifo_w8_d2_S)' using Shift Registers.
INFO: [RTMG 210-285] Implementing FIFO 'layer2_out_4_U(myproject_fifo_w8_d2_S)' using Shift Registers.
INFO: [RTMG 210-285] Implementing FIFO 'layer2_out_5_U(myproject_fifo_w8_d2_S)' using Shift Registers.
INFO: [RTMG 210-285] Implementing FIFO 'layer2_out_6_U(myproject_fifo_w8_d2_S)' using Shift Registers.
INFO: [RTMG 210-285] Implementing FIFO 'layer2_out_7_U(myproject_fifo_w8_d2_S)' using Shift Registers.
INFO: [RTMG 210-285] Implementing FIFO 'layer2_out_8_U(myproject_fifo_w8_d2_S)' using Shift Registers.
INFO: [RTMG 210-285] Implementing FIFO 'layer2_out_9_U(myproject_fifo_w8_d2_S)' using Shift Registers.
INFO: [RTMG 210-285] Implementing FIFO 'layer2_out_10_U(myproject_fifo_w8_d2_S)' using Shift Registers.
INFO: [RTMG 210-285] Implementing FIFO 'layer2_out_11_U(myproject_fifo_w8_d2_S)' using Shift Registers.
INFO: [RTMG 210-285] Implementing FIFO 'layer2_out_12_U(myproject_fifo_w8_d2_S)' using Shift Registers.
INFO: [RTMG 210-285] Implementing FIFO 'layer2_out_13_U(myproject_fifo_w8_d2_S)' using Shift Registers.
INFO: [RTMG 210-285] Implementing FIFO 'layer2_out_14_U(myproject_fifo_w8_d2_S)' using Shift Registers.
INFO: [RTMG 210-285] Implementing FIFO 'layer2_out_15_U(myproject_fifo_w8_d2_S)' using Shift Registers.
INFO: [RTMG 210-285] Implementing FIFO 'layer2_out_16_U(myproject_fifo_w8_d2_S)' using Shift Registers.
INFO: [RTMG 210-285] Implementing FIFO 'layer2_out_17_U(myproject_fifo_w8_d2_S)' using Shift Registers.
INFO: [RTMG 210-285] Implementing FIFO 'layer2_out_18_U(myproject_fifo_w8_d2_S)' using Shift Registers.
INFO: [RTMG 210-285] Implementing FIFO 'layer2_out_19_U(myproject_fifo_w8_d2_S)' using Shift Registers.
INFO: [RTMG 210-285] Implementing FIFO 'layer2_out_20_U(myproject_fifo_w8_d2_S)' using Shift Registers.
INFO: [RTMG 210-285] Implementing FIFO 'layer2_out_21_U(myproject_fifo_w8_d2_S)' using Shift Registers.
INFO: [RTMG 210-285] Implementing FIFO 'layer2_out_22_U(myproject_fifo_w8_d2_S)' using Shift Registers.
INFO: [RTMG 210-285] Implementing FIFO 'layer2_out_23_U(myproject_fifo_w8_d2_S)' using Shift Registers.
INFO: [RTMG 210-285] Implementing FIFO 'layer2_out_24_U(myproject_fifo_w8_d2_S)' using Shift Registers.
INFO: [RTMG 210-285] Implementing FIFO 'layer2_out_25_U(myproject_fifo_w8_d2_S)' using Shift Registers.
INFO: [RTMG 210-285] Implementing FIFO 'layer2_out_26_U(myproject_fifo_w8_d2_S)' using Shift Registers.
INFO: [RTMG 210-285] Implementing FIFO 'layer2_out_27_U(myproject_fifo_w8_d2_S)' using Shift Registers.
INFO: [RTMG 210-285] Implementing FIFO 'layer2_out_28_U(myproject_fifo_w8_d2_S)' using Shift Registers.
INFO: [RTMG 210-285] Implementing FIFO 'layer2_out_29_U(myproject_fifo_w8_d2_S)' using Shift Registers.
INFO: [RTMG 210-285] Implementing FIFO 'layer2_out_30_U(myproject_fifo_w8_d2_S)' using Shift Registers.
INFO: [RTMG 210-285] Implementing FIFO 'layer2_out_31_U(myproject_fifo_w8_d2_S)' using Shift Registers.
INFO: [RTMG 210-285] Implementing FIFO 'layer2_out_32_U(myproject_fifo_w8_d2_S)' using Shift Registers.
INFO: [RTMG 210-285] Implementing FIFO 'layer2_out_33_U(myproject_fifo_w8_d2_S)' using Shift Registers.
INFO: [RTMG 210-285] Implementing FIFO 'layer2_out_34_U(myproject_fifo_w8_d2_S)' using Shift Registers.
INFO: [RTMG 210-285] Implementing FIFO 'layer2_out_35_U(myproject_fifo_w8_d2_S)' using Shift Registers.
INFO: [RTMG 210-285] Implementing FIFO 'layer2_out_36_U(myproject_fifo_w8_d2_S)' using Shift Registers.
INFO: [RTMG 210-285] Implementing FIFO 'layer2_out_37_U(myproject_fifo_w8_d2_S)' using Shift Registers.
INFO: [RTMG 210-285] Implementing FIFO 'layer2_out_38_U(myproject_fifo_w8_d2_S)' using Shift Registers.
INFO: [RTMG 210-285] Implementing FIFO 'layer2_out_39_U(myproject_fifo_w8_d2_S)' using Shift Registers.
INFO: [RTMG 210-285] Implementing FIFO 'layer2_out_40_U(myproject_fifo_w8_d2_S)' using Shift Registers.
INFO: [RTMG 210-285] Implementing FIFO 'layer2_out_41_U(myproject_fifo_w8_d2_S)' using Shift Registers.
INFO: [RTMG 210-285] Implementing FIFO 'layer2_out_42_U(myproject_fifo_w8_d2_S)' using Shift Registers.
INFO: [RTMG 210-285] Implementing FIFO 'layer2_out_43_U(myproject_fifo_w8_d2_S)' using Shift Registers.
INFO: [RTMG 210-285] Implementing FIFO 'layer2_out_44_U(myproject_fifo_w8_d2_S)' using Shift Registers.
INFO: [RTMG 210-285] Implementing FIFO 'layer2_out_45_U(myproject_fifo_w8_d2_S)' using Shift Registers.
INFO: [RTMG 210-285] Implementing FIFO 'layer2_out_46_U(myproject_fifo_w8_d2_S)' using Shift Registers.
INFO: [RTMG 210-285] Implementing FIFO 'layer2_out_47_U(myproject_fifo_w8_d2_S)' using Shift Registers.
INFO: [RTMG 210-285] Implementing FIFO 'layer2_out_48_U(myproject_fifo_w8_d2_S)' using Shift Registers.
INFO: [RTMG 210-285] Implementing FIFO 'layer2_out_49_U(myproject_fifo_w8_d2_S)' using Shift Registers.
INFO: [RTMG 210-285] Implementing FIFO 'layer2_out_50_U(myproject_fifo_w8_d2_S)' using Shift Registers.
INFO: [RTMG 210-285] Implementing FIFO 'layer2_out_51_U(myproject_fifo_w8_d2_S)' using Shift Registers.
INFO: [RTMG 210-285] Implementing FIFO 'layer2_out_52_U(myproject_fifo_w8_d2_S)' using Shift Registers.
INFO: [RTMG 210-285] Implementing FIFO 'layer2_out_53_U(myproject_fifo_w8_d2_S)' using Shift Registers.
INFO: [RTMG 210-285] Implementing FIFO 'layer2_out_54_U(myproject_fifo_w8_d2_S)' using Shift Registers.
INFO: [RTMG 210-285] Implementing FIFO 'layer2_out_55_U(myproject_fifo_w8_d2_S)' using Shift Registers.
INFO: [RTMG 210-285] Implementing FIFO 'layer2_out_56_U(myproject_fifo_w8_d2_S)' using Shift Registers.
INFO: [RTMG 210-285] Implementing FIFO 'layer2_out_57_U(myproject_fifo_w8_d2_S)' using Shift Registers.
INFO: [RTMG 210-285] Implementing FIFO 'layer2_out_58_U(myproject_fifo_w8_d2_S)' using Shift Registers.
INFO: [RTMG 210-285] Implementing FIFO 'layer2_out_59_U(myproject_fifo_w8_d2_S)' using Shift Registers.
INFO: [RTMG 210-285] Implementing FIFO 'layer2_out_60_U(myproject_fifo_w8_d2_S)' using Shift Registers.
INFO: [RTMG 210-285] Implementing FIFO 'layer2_out_61_U(myproject_fifo_w8_d2_S)' using Shift Registers.
INFO: [RTMG 210-285] Implementing FIFO 'layer2_out_62_U(myproject_fifo_w8_d2_S)' using Shift Registers.
INFO: [RTMG 210-285] Implementing FIFO 'layer2_out_63_U(myproject_fifo_w8_d2_S)' using Shift Registers.
INFO: [RTMG 210-285] Implementing FIFO 'layer2_out_64_U(myproject_fifo_w8_d2_S)' using Shift Registers.
INFO: [RTMG 210-285] Implementing FIFO 'layer2_out_65_U(myproject_fifo_w8_d2_S)' using Shift Registers.
INFO: [RTMG 210-285] Implementing FIFO 'layer2_out_66_U(myproject_fifo_w8_d2_S)' using Shift Registers.
INFO: [RTMG 210-285] Implementing FIFO 'layer2_out_67_U(myproject_fifo_w8_d2_S)' using Shift Registers.
INFO: [RTMG 210-285] Implementing FIFO 'layer2_out_68_U(myproject_fifo_w8_d2_S)' using Shift Registers.
INFO: [RTMG 210-285] Implementing FIFO 'layer2_out_69_U(myproject_fifo_w8_d2_S)' using Shift Registers.
INFO: [RTMG 210-285] Implementing FIFO 'layer2_out_70_U(myproject_fifo_w8_d2_S)' using Shift Registers.
INFO: [RTMG 210-285] Implementing FIFO 'layer2_out_71_U(myproject_fifo_w8_d2_S)' using Shift Registers.
INFO: [RTMG 210-285] Implementing FIFO 'layer2_out_72_U(myproject_fifo_w8_d2_S)' using Shift Registers.
INFO: [RTMG 210-285] Implementing FIFO 'layer2_out_73_U(myproject_fifo_w8_d2_S)' using Shift Registers.
INFO: [RTMG 210-285] Implementing FIFO 'layer2_out_74_U(myproject_fifo_w8_d2_S)' using Shift Registers.
INFO: [RTMG 210-285] Implementing FIFO 'layer2_out_75_U(myproject_fifo_w8_d2_S)' using Shift Registers.
INFO: [RTMG 210-285] Implementing FIFO 'layer2_out_76_U(myproject_fifo_w8_d2_S)' using Shift Registers.
INFO: [RTMG 210-285] Implementing FIFO 'layer2_out_77_U(myproject_fifo_w8_d2_S)' using Shift Registers.
INFO: [RTMG 210-285] Implementing FIFO 'layer2_out_78_U(myproject_fifo_w8_d2_S)' using Shift Registers.
INFO: [RTMG 210-285] Implementing FIFO 'layer2_out_79_U(myproject_fifo_w8_d2_S)' using Shift Registers.
INFO: [RTMG 210-285] Implementing FIFO 'layer2_out_80_U(myproject_fifo_w8_d2_S)' using Shift Registers.
INFO: [RTMG 210-285] Implementing FIFO 'layer2_out_81_U(myproject_fifo_w8_d2_S)' using Shift Registers.
INFO: [RTMG 210-285] Implementing FIFO 'layer2_out_82_U(myproject_fifo_w8_d2_S)' using Shift Registers.
INFO: [RTMG 210-285] Implementing FIFO 'layer2_out_83_U(myproject_fifo_w8_d2_S)' using Shift Registers.
INFO: [RTMG 210-285] Implementing FIFO 'layer2_out_84_U(myproject_fifo_w8_d2_S)' using Shift Registers.
INFO: [RTMG 210-285] Implementing FIFO 'layer2_out_85_U(myproject_fifo_w8_d2_S)' using Shift Registers.
INFO: [RTMG 210-285] Implementing FIFO 'layer2_out_86_U(myproject_fifo_w8_d2_S)' using Shift Registers.
INFO: [RTMG 210-285] Implementing FIFO 'layer2_out_87_U(myproject_fifo_w8_d2_S)' using Shift Registers.
INFO: [RTMG 210-285] Implementing FIFO 'layer2_out_88_U(myproject_fifo_w8_d2_S)' using Shift Registers.
INFO: [RTMG 210-285] Implementing FIFO 'layer2_out_89_U(myproject_fifo_w8_d2_S)' using Shift Registers.
INFO: [RTMG 210-285] Implementing FIFO 'layer2_out_90_U(myproject_fifo_w8_d2_S)' using Shift Registers.
INFO: [RTMG 210-285] Implementing FIFO 'layer2_out_91_U(myproject_fifo_w8_d2_S)' using Shift Registers.
INFO: [RTMG 210-285] Implementing FIFO 'layer2_out_92_U(myproject_fifo_w8_d2_S)' using Shift Registers.
INFO: [RTMG 210-285] Implementing FIFO 'layer2_out_93_U(myproject_fifo_w8_d2_S)' using Shift Registers.
INFO: [RTMG 210-285] Implementing FIFO 'layer2_out_94_U(myproject_fifo_w8_d2_S)' using Shift Registers.
INFO: [RTMG 210-285] Implementing FIFO 'layer2_out_95_U(myproject_fifo_w8_d2_S)' using Shift Registers.
INFO: [RTMG 210-285] Implementing FIFO 'layer2_out_96_U(myproject_fifo_w8_d2_S)' using Shift Registers.
INFO: [RTMG 210-285] Implementing FIFO 'layer2_out_97_U(myproject_fifo_w8_d2_S)' using Shift Registers.
INFO: [RTMG 210-285] Implementing FIFO 'layer2_out_98_U(myproject_fifo_w8_d2_S)' using Shift Registers.
INFO: [RTMG 210-285] Implementing FIFO 'layer2_out_99_U(myproject_fifo_w8_d2_S)' using Shift Registers.
INFO: [RTMG 210-285] Implementing FIFO 'layer2_out_100_U(myproject_fifo_w8_d2_S)' using Shift Registers.
INFO: [RTMG 210-285] Implementing FIFO 'layer2_out_101_U(myproject_fifo_w8_d2_S)' using Shift Registers.
INFO: [RTMG 210-285] Implementing FIFO 'layer2_out_102_U(myproject_fifo_w8_d2_S)' using Shift Registers.
INFO: [RTMG 210-285] Implementing FIFO 'layer2_out_103_U(myproject_fifo_w8_d2_S)' using Shift Registers.
INFO: [RTMG 210-285] Implementing FIFO 'layer2_out_104_U(myproject_fifo_w8_d2_S)' using Shift Registers.
INFO: [RTMG 210-285] Implementing FIFO 'layer2_out_105_U(myproject_fifo_w8_d2_S)' using Shift Registers.
INFO: [RTMG 210-285] Implementing FIFO 'layer2_out_106_U(myproject_fifo_w8_d2_S)' using Shift Registers.
INFO: [RTMG 210-285] Implementing FIFO 'layer2_out_107_U(myproject_fifo_w8_d2_S)' using Shift Registers.
INFO: [RTMG 210-285] Implementing FIFO 'layer2_out_108_U(myproject_fifo_w8_d2_S)' using Shift Registers.
INFO: [RTMG 210-285] Implementing FIFO 'layer2_out_109_U(myproject_fifo_w8_d2_S)' using Shift Registers.
INFO: [RTMG 210-285] Implementing FIFO 'layer2_out_110_U(myproject_fifo_w8_d2_S)' using Shift Registers.
INFO: [RTMG 210-285] Implementing FIFO 'layer2_out_111_U(myproject_fifo_w8_d2_S)' using Shift Registers.
INFO: [RTMG 210-285] Implementing FIFO 'layer2_out_112_U(myproject_fifo_w8_d2_S)' using Shift Registers.
INFO: [RTMG 210-285] Implementing FIFO 'layer2_out_113_U(myproject_fifo_w8_d2_S)' using Shift Registers.
INFO: [RTMG 210-285] Implementing FIFO 'layer2_out_114_U(myproject_fifo_w8_d2_S)' using Shift Registers.
INFO: [RTMG 210-285] Implementing FIFO 'layer2_out_115_U(myproject_fifo_w8_d2_S)' using Shift Registers.
INFO: [RTMG 210-285] Implementing FIFO 'layer2_out_116_U(myproject_fifo_w8_d2_S)' using Shift Registers.
INFO: [RTMG 210-285] Implementing FIFO 'layer2_out_117_U(myproject_fifo_w8_d2_S)' using Shift Registers.
INFO: [RTMG 210-285] Implementing FIFO 'layer2_out_118_U(myproject_fifo_w8_d2_S)' using Shift Registers.
INFO: [RTMG 210-285] Implementing FIFO 'layer2_out_119_U(myproject_fifo_w8_d2_S)' using Shift Registers.
INFO: [RTMG 210-285] Implementing FIFO 'layer2_out_120_U(myproject_fifo_w8_d2_S)' using Shift Registers.
INFO: [RTMG 210-285] Implementing FIFO 'layer2_out_121_U(myproject_fifo_w8_d2_S)' using Shift Registers.
INFO: [RTMG 210-285] Implementing FIFO 'layer2_out_122_U(myproject_fifo_w8_d2_S)' using Shift Registers.
INFO: [RTMG 210-285] Implementing FIFO 'layer2_out_123_U(myproject_fifo_w8_d2_S)' using Shift Registers.
INFO: [RTMG 210-285] Implementing FIFO 'layer2_out_124_U(myproject_fifo_w8_d2_S)' using Shift Registers.
INFO: [RTMG 210-285] Implementing FIFO 'layer2_out_125_U(myproject_fifo_w8_d2_S)' using Shift Registers.
INFO: [RTMG 210-285] Implementing FIFO 'layer2_out_126_U(myproject_fifo_w8_d2_S)' using Shift Registers.
INFO: [RTMG 210-285] Implementing FIFO 'layer2_out_127_U(myproject_fifo_w8_d2_S)' using Shift Registers.
INFO: [RTMG 210-285] Implementing FIFO 'layer2_out_128_U(myproject_fifo_w8_d2_S)' using Shift Registers.
INFO: [RTMG 210-285] Implementing FIFO 'layer2_out_129_U(myproject_fifo_w8_d2_S)' using Shift Registers.
INFO: [RTMG 210-285] Implementing FIFO 'layer2_out_130_U(myproject_fifo_w8_d2_S)' using Shift Registers.
INFO: [RTMG 210-285] Implementing FIFO 'layer2_out_131_U(myproject_fifo_w8_d2_S)' using Shift Registers.
INFO: [RTMG 210-285] Implementing FIFO 'layer2_out_132_U(myproject_fifo_w8_d2_S)' using Shift Registers.
INFO: [RTMG 210-285] Implementing FIFO 'layer2_out_133_U(myproject_fifo_w8_d2_S)' using Shift Registers.
INFO: [RTMG 210-285] Implementing FIFO 'layer2_out_134_U(myproject_fifo_w8_d2_S)' using Shift Registers.
INFO: [RTMG 210-285] Implementing FIFO 'layer2_out_135_U(myproject_fifo_w8_d2_S)' using Shift Registers.
INFO: [RTMG 210-285] Implementing FIFO 'layer2_out_136_U(myproject_fifo_w8_d2_S)' using Shift Registers.
INFO: [RTMG 210-285] Implementing FIFO 'layer2_out_137_U(myproject_fifo_w8_d2_S)' using Shift Registers.
INFO: [RTMG 210-285] Implementing FIFO 'layer2_out_138_U(myproject_fifo_w8_d2_S)' using Shift Registers.
INFO: [RTMG 210-285] Implementing FIFO 'layer2_out_139_U(myproject_fifo_w8_d2_S)' using Shift Registers.
INFO: [RTMG 210-285] Implementing FIFO 'layer2_out_140_U(myproject_fifo_w8_d2_S)' using Shift Registers.
INFO: [RTMG 210-285] Implementing FIFO 'layer2_out_141_U(myproject_fifo_w8_d2_S)' using Shift Registers.
INFO: [RTMG 210-285] Implementing FIFO 'layer2_out_142_U(myproject_fifo_w8_d2_S)' using Shift Registers.
INFO: [RTMG 210-285] Implementing FIFO 'layer2_out_143_U(myproject_fifo_w8_d2_S)' using Shift Registers.
INFO: [RTMG 210-285] Implementing FIFO 'layer2_out_144_U(myproject_fifo_w8_d2_S)' using Shift Registers.
INFO: [RTMG 210-285] Implementing FIFO 'layer2_out_145_U(myproject_fifo_w8_d2_S)' using Shift Registers.
INFO: [RTMG 210-285] Implementing FIFO 'layer2_out_146_U(myproject_fifo_w8_d2_S)' using Shift Registers.
INFO: [RTMG 210-285] Implementing FIFO 'layer2_out_147_U(myproject_fifo_w8_d2_S)' using Shift Registers.
INFO: [RTMG 210-285] Implementing FIFO 'layer2_out_148_U(myproject_fifo_w8_d2_S)' using Shift Registers.
INFO: [RTMG 210-285] Implementing FIFO 'layer2_out_149_U(myproject_fifo_w8_d2_S)' using Shift Registers.
INFO: [RTMG 210-285] Implementing FIFO 'layer2_out_150_U(myproject_fifo_w8_d2_S)' using Shift Registers.
INFO: [RTMG 210-285] Implementing FIFO 'layer2_out_151_U(myproject_fifo_w8_d2_S)' using Shift Registers.
INFO: [RTMG 210-285] Implementing FIFO 'layer2_out_152_U(myproject_fifo_w8_d2_S)' using Shift Registers.
INFO: [RTMG 210-285] Implementing FIFO 'layer2_out_153_U(myproject_fifo_w8_d2_S)' using Shift Registers.
INFO: [RTMG 210-285] Implementing FIFO 'layer2_out_154_U(myproject_fifo_w8_d2_S)' using Shift Registers.
INFO: [RTMG 210-285] Implementing FIFO 'layer2_out_155_U(myproject_fifo_w8_d2_S)' using Shift Registers.
INFO: [RTMG 210-285] Implementing FIFO 'layer2_out_156_U(myproject_fifo_w8_d2_S)' using Shift Registers.
INFO: [RTMG 210-285] Implementing FIFO 'layer2_out_157_U(myproject_fifo_w8_d2_S)' using Shift Registers.
INFO: [RTMG 210-285] Implementing FIFO 'layer2_out_158_U(myproject_fifo_w8_d2_S)' using Shift Registers.
INFO: [RTMG 210-285] Implementing FIFO 'layer2_out_159_U(myproject_fifo_w8_d2_S)' using Shift Registers.
INFO: [RTMG 210-285] Implementing FIFO 'layer2_out_160_U(myproject_fifo_w8_d2_S)' using Shift Registers.
INFO: [RTMG 210-285] Implementing FIFO 'layer2_out_161_U(myproject_fifo_w8_d2_S)' using Shift Registers.
INFO: [RTMG 210-285] Implementing FIFO 'layer2_out_162_U(myproject_fifo_w8_d2_S)' using Shift Registers.
INFO: [RTMG 210-285] Implementing FIFO 'layer2_out_163_U(myproject_fifo_w8_d2_S)' using Shift Registers.
INFO: [RTMG 210-285] Implementing FIFO 'layer2_out_164_U(myproject_fifo_w8_d2_S)' using Shift Registers.
INFO: [RTMG 210-285] Implementing FIFO 'layer2_out_165_U(myproject_fifo_w8_d2_S)' using Shift Registers.
INFO: [RTMG 210-285] Implementing FIFO 'layer2_out_166_U(myproject_fifo_w8_d2_S)' using Shift Registers.
INFO: [RTMG 210-285] Implementing FIFO 'layer2_out_167_U(myproject_fifo_w8_d2_S)' using Shift Registers.
INFO: [RTMG 210-285] Implementing FIFO 'layer2_out_168_U(myproject_fifo_w8_d2_S)' using Shift Registers.
INFO: [RTMG 210-285] Implementing FIFO 'layer2_out_169_U(myproject_fifo_w8_d2_S)' using Shift Registers.
INFO: [RTMG 210-285] Implementing FIFO 'layer2_out_170_U(myproject_fifo_w8_d2_S)' using Shift Registers.
INFO: [RTMG 210-285] Implementing FIFO 'layer2_out_171_U(myproject_fifo_w8_d2_S)' using Shift Registers.
INFO: [RTMG 210-285] Implementing FIFO 'layer2_out_172_U(myproject_fifo_w8_d2_S)' using Shift Registers.
INFO: [RTMG 210-285] Implementing FIFO 'layer2_out_173_U(myproject_fifo_w8_d2_S)' using Shift Registers.
INFO: [RTMG 210-285] Implementing FIFO 'layer2_out_174_U(myproject_fifo_w8_d2_S)' using Shift Registers.
INFO: [RTMG 210-285] Implementing FIFO 'layer2_out_175_U(myproject_fifo_w8_d2_S)' using Shift Registers.
INFO: [RTMG 210-285] Implementing FIFO 'layer2_out_176_U(myproject_fifo_w8_d2_S)' using Shift Registers.
INFO: [RTMG 210-285] Implementing FIFO 'layer2_out_177_U(myproject_fifo_w8_d2_S)' using Shift Registers.
INFO: [RTMG 210-285] Implementing FIFO 'layer2_out_178_U(myproject_fifo_w8_d2_S)' using Shift Registers.
INFO: [RTMG 210-285] Implementing FIFO 'layer2_out_179_U(myproject_fifo_w8_d2_S)' using Shift Registers.
INFO: [RTMG 210-285] Implementing FIFO 'layer2_out_180_U(myproject_fifo_w8_d2_S)' using Shift Registers.
INFO: [RTMG 210-285] Implementing FIFO 'layer2_out_181_U(myproject_fifo_w8_d2_S)' using Shift Registers.
INFO: [RTMG 210-285] Implementing FIFO 'layer2_out_182_U(myproject_fifo_w8_d2_S)' using Shift Registers.
INFO: [RTMG 210-285] Implementing FIFO 'layer2_out_183_U(myproject_fifo_w8_d2_S)' using Shift Registers.
INFO: [RTMG 210-285] Implementing FIFO 'layer2_out_184_U(myproject_fifo_w8_d2_S)' using Shift Registers.
INFO: [RTMG 210-285] Implementing FIFO 'layer2_out_185_U(myproject_fifo_w8_d2_S)' using Shift Registers.
INFO: [RTMG 210-285] Implementing FIFO 'layer2_out_186_U(myproject_fifo_w8_d2_S)' using Shift Registers.
INFO: [RTMG 210-285] Implementing FIFO 'layer2_out_187_U(myproject_fifo_w8_d2_S)' using Shift Registers.
INFO: [RTMG 210-285] Implementing FIFO 'layer2_out_188_U(myproject_fifo_w8_d2_S)' using Shift Registers.
INFO: [RTMG 210-285] Implementing FIFO 'layer2_out_189_U(myproject_fifo_w8_d2_S)' using Shift Registers.
INFO: [RTMG 210-285] Implementing FIFO 'layer2_out_190_U(myproject_fifo_w8_d2_S)' using Shift Registers.
INFO: [RTMG 210-285] Implementing FIFO 'layer2_out_191_U(myproject_fifo_w8_d2_S)' using Shift Registers.
INFO: [RTMG 210-285] Implementing FIFO 'layer2_out_192_U(myproject_fifo_w8_d2_S)' using Shift Registers.
INFO: [RTMG 210-285] Implementing FIFO 'layer2_out_193_U(myproject_fifo_w8_d2_S)' using Shift Registers.
INFO: [RTMG 210-285] Implementing FIFO 'layer2_out_194_U(myproject_fifo_w8_d2_S)' using Shift Registers.
INFO: [RTMG 210-285] Implementing FIFO 'layer2_out_195_U(myproject_fifo_w8_d2_S)' using Shift Registers.
INFO: [RTMG 210-285] Implementing FIFO 'layer2_out_196_U(myproject_fifo_w8_d2_S)' using Shift Registers.
INFO: [RTMG 210-285] Implementing FIFO 'layer2_out_197_U(myproject_fifo_w8_d2_S)' using Shift Registers.
INFO: [RTMG 210-285] Implementing FIFO 'layer2_out_198_U(myproject_fifo_w8_d2_S)' using Shift Registers.
INFO: [RTMG 210-285] Implementing FIFO 'layer2_out_199_U(myproject_fifo_w8_d2_S)' using Shift Registers.
INFO: [RTMG 210-285] Implementing FIFO 'layer2_out_200_U(myproject_fifo_w8_d2_S)' using Shift Registers.
INFO: [RTMG 210-285] Implementing FIFO 'layer2_out_201_U(myproject_fifo_w8_d2_S)' using Shift Registers.
INFO: [RTMG 210-285] Implementing FIFO 'layer2_out_202_U(myproject_fifo_w8_d2_S)' using Shift Registers.
INFO: [RTMG 210-285] Implementing FIFO 'layer2_out_203_U(myproject_fifo_w8_d2_S)' using Shift Registers.
INFO: [RTMG 210-285] Implementing FIFO 'layer2_out_204_U(myproject_fifo_w8_d2_S)' using Shift Registers.
INFO: [RTMG 210-285] Implementing FIFO 'layer2_out_205_U(myproject_fifo_w8_d2_S)' using Shift Registers.
INFO: [RTMG 210-285] Implementing FIFO 'layer2_out_206_U(myproject_fifo_w8_d2_S)' using Shift Registers.
INFO: [RTMG 210-285] Implementing FIFO 'layer2_out_207_U(myproject_fifo_w8_d2_S)' using Shift Registers.
INFO: [RTMG 210-285] Implementing FIFO 'layer2_out_208_U(myproject_fifo_w8_d2_S)' using Shift Registers.
INFO: [RTMG 210-285] Implementing FIFO 'layer2_out_209_U(myproject_fifo_w8_d2_S)' using Shift Registers.
INFO: [RTMG 210-285] Implementing FIFO 'layer2_out_210_U(myproject_fifo_w8_d2_S)' using Shift Registers.
INFO: [RTMG 210-285] Implementing FIFO 'layer2_out_211_U(myproject_fifo_w8_d2_S)' using Shift Registers.
INFO: [RTMG 210-285] Implementing FIFO 'layer2_out_212_U(myproject_fifo_w8_d2_S)' using Shift Registers.
INFO: [RTMG 210-285] Implementing FIFO 'layer2_out_213_U(myproject_fifo_w8_d2_S)' using Shift Registers.
INFO: [RTMG 210-285] Implementing FIFO 'layer2_out_214_U(myproject_fifo_w8_d2_S)' using Shift Registers.
INFO: [RTMG 210-285] Implementing FIFO 'layer2_out_215_U(myproject_fifo_w8_d2_S)' using Shift Registers.
INFO: [RTMG 210-285] Implementing FIFO 'layer2_out_216_U(myproject_fifo_w8_d2_S)' using Shift Registers.
INFO: [RTMG 210-285] Implementing FIFO 'layer2_out_217_U(myproject_fifo_w8_d2_S)' using Shift Registers.
INFO: [RTMG 210-285] Implementing FIFO 'layer2_out_218_U(myproject_fifo_w8_d2_S)' using Shift Registers.
INFO: [RTMG 210-285] Implementing FIFO 'layer2_out_219_U(myproject_fifo_w8_d2_S)' using Shift Registers.
INFO: [RTMG 210-285] Implementing FIFO 'layer2_out_220_U(myproject_fifo_w8_d2_S)' using Shift Registers.
INFO: [RTMG 210-285] Implementing FIFO 'layer2_out_221_U(myproject_fifo_w8_d2_S)' using Shift Registers.
INFO: [RTMG 210-285] Implementing FIFO 'layer2_out_222_U(myproject_fifo_w8_d2_S)' using Shift Registers.
INFO: [RTMG 210-285] Implementing FIFO 'layer2_out_223_U(myproject_fifo_w8_d2_S)' using Shift Registers.
INFO: [RTMG 210-285] Implementing FIFO 'layer2_out_224_U(myproject_fifo_w8_d2_S)' using Shift Registers.
INFO: [RTMG 210-285] Implementing FIFO 'layer2_out_225_U(myproject_fifo_w8_d2_S)' using Shift Registers.
INFO: [RTMG 210-285] Implementing FIFO 'layer2_out_226_U(myproject_fifo_w8_d2_S)' using Shift Registers.
INFO: [RTMG 210-285] Implementing FIFO 'layer2_out_227_U(myproject_fifo_w8_d2_S)' using Shift Registers.
INFO: [RTMG 210-285] Implementing FIFO 'layer2_out_228_U(myproject_fifo_w8_d2_S)' using Shift Registers.
INFO: [RTMG 210-285] Implementing FIFO 'layer2_out_229_U(myproject_fifo_w8_d2_S)' using Shift Registers.
INFO: [RTMG 210-285] Implementing FIFO 'layer2_out_230_U(myproject_fifo_w8_d2_S)' using Shift Registers.
INFO: [RTMG 210-285] Implementing FIFO 'layer2_out_231_U(myproject_fifo_w8_d2_S)' using Shift Registers.
INFO: [RTMG 210-285] Implementing FIFO 'layer2_out_232_U(myproject_fifo_w8_d2_S)' using Shift Registers.
INFO: [RTMG 210-285] Implementing FIFO 'layer2_out_233_U(myproject_fifo_w8_d2_S)' using Shift Registers.
INFO: [RTMG 210-285] Implementing FIFO 'layer2_out_234_U(myproject_fifo_w8_d2_S)' using Shift Registers.
INFO: [RTMG 210-285] Implementing FIFO 'layer2_out_235_U(myproject_fifo_w8_d2_S)' using Shift Registers.
INFO: [RTMG 210-285] Implementing FIFO 'layer2_out_236_U(myproject_fifo_w8_d2_S)' using Shift Registers.
INFO: [RTMG 210-285] Implementing FIFO 'layer2_out_237_U(myproject_fifo_w8_d2_S)' using Shift Registers.
INFO: [RTMG 210-285] Implementing FIFO 'layer2_out_238_U(myproject_fifo_w8_d2_S)' using Shift Registers.
INFO: [RTMG 210-285] Implementing FIFO 'layer2_out_239_U(myproject_fifo_w8_d2_S)' using Shift Registers.
INFO: [RTMG 210-285] Implementing FIFO 'layer2_out_240_U(myproject_fifo_w8_d2_S)' using Shift Registers.
INFO: [RTMG 210-285] Implementing FIFO 'layer2_out_241_U(myproject_fifo_w8_d2_S)' using Shift Registers.
INFO: [RTMG 210-285] Implementing FIFO 'layer2_out_242_U(myproject_fifo_w8_d2_S)' using Shift Registers.
INFO: [RTMG 210-285] Implementing FIFO 'layer2_out_243_U(myproject_fifo_w8_d2_S)' using Shift Registers.
INFO: [RTMG 210-285] Implementing FIFO 'layer2_out_244_U(myproject_fifo_w8_d2_S)' using Shift Registers.
INFO: [RTMG 210-285] Implementing FIFO 'layer2_out_245_U(myproject_fifo_w8_d2_S)' using Shift Registers.
INFO: [RTMG 210-285] Implementing FIFO 'layer2_out_246_U(myproject_fifo_w8_d2_S)' using Shift Registers.
INFO: [RTMG 210-285] Implementing FIFO 'layer2_out_247_U(myproject_fifo_w8_d2_S)' using Shift Registers.
INFO: [RTMG 210-285] Implementing FIFO 'layer2_out_248_U(myproject_fifo_w8_d2_S)' using Shift Registers.
INFO: [RTMG 210-285] Implementing FIFO 'layer2_out_249_U(myproject_fifo_w8_d2_S)' using Shift Registers.
INFO: [RTMG 210-285] Implementing FIFO 'layer2_out_250_U(myproject_fifo_w8_d2_S)' using Shift Registers.
INFO: [RTMG 210-285] Implementing FIFO 'layer2_out_251_U(myproject_fifo_w8_d2_S)' using Shift Registers.
INFO: [RTMG 210-285] Implementing FIFO 'layer2_out_252_U(myproject_fifo_w8_d2_S)' using Shift Registers.
INFO: [RTMG 210-285] Implementing FIFO 'layer2_out_253_U(myproject_fifo_w8_d2_S)' using Shift Registers.
INFO: [RTMG 210-285] Implementing FIFO 'layer2_out_254_U(myproject_fifo_w8_d2_S)' using Shift Registers.
INFO: [RTMG 210-285] Implementing FIFO 'layer2_out_255_U(myproject_fifo_w8_d2_S)' using Shift Registers.
INFO: [HLS 200-111] Finished Creating RTL model: CPU user time: 3.45 seconds. CPU system time: 0.49 seconds. Elapsed time: 29.37 seconds; current allocated memory: 1.427 GB.
INFO: [HLS 200-111] Finished Generating all RTL models: CPU user time: 1.89 seconds. CPU system time: 0.25 seconds. Elapsed time: 2.72 seconds; current allocated memory: 1.497 GB.
INFO: [HLS 200-111] Finished Updating report files: CPU user time: 24.39 seconds. CPU system time: 0.07 seconds. Elapsed time: 24.66 seconds; current allocated memory: 1.515 GB.
INFO: [VHDL 208-304] Generating VHDL RTL for myproject.
INFO: [VLOG 209-307] Generating Verilog RTL for myproject.
INFO: [HLS 200-790] **** Loop Constraint Status: All loop constraints were satisfied.
INFO: [HLS 200-789] **** Estimated Fmax: 329.49 MHz
INFO: [HLS 200-111] Finished Command csynth_design CPU user time: 342.29 seconds. CPU system time: 5.63 seconds. Elapsed time: 386.42 seconds; current allocated memory: 1.259 GB.
***** C/RTL SYNTHESIS COMPLETED IN 0h6m26s *****
***** C/RTL SIMULATION *****
INFO: [HLS 200-1510] Running: add_files -tb myproject_test.cpp -cflags -std=c++0x -DRTL_SIM 
INFO: [HLS 200-10] Adding test bench file 'myproject_test.cpp' to the project
INFO: [HLS 200-1510] Running: cosim_design -trace_level all -setup 
INFO: [COSIM 212-47] Using XSIM for RTL simulation.
INFO: [COSIM 212-14] Instrumenting C test bench ...
   Build using "/data/software/xilinx/Vitis_HLS/2023.2/tps/lnx64/gcc-8.3.0/bin/g++"
   Compiling myproject_test.cpp_pre.cpp.tb.cpp
   Compiling apatb_myproject.cpp
   Compiling myproject.cpp_pre.cpp.tb.cpp
   Compiling apatb_myproject_ir.ll
   Generating cosim.tv.exe
INFO: [COSIM 212-302] Starting C TB testing ... 
INFO: Unable to open input/predictions file, using default input.
0 0 0 0 0 0 0 0 0 0 0 0 0 0 0 0 0 0 0.015625 0 0 0 0 0 0 0 0 0 0 0 0 0 0 0 0 0 0 0 0 0 0 0 0 0 0 0 0 0 0 0 0 0 0 0 0 0 0 0 0 0 0 0 0 0 0 0 0 0 0 0 0 0 0 0 0 0 0 0 0 0 0 0 0 0 0 0 0 0 0 0 0 0 0 0 -0.015625 0 0 0 -0.015625 0 0 0 0 0 0 0 0 0 0 0 0 0 0 0 0 0 0 0 0 0 0 0 0 0 0 0 0 0 0 0 0 0 0 0.015625 0 0 0 0 0 0 0 0 0 0 0 0 0 0 0 0 0 0 0 0 0 0 0 0 0 0 0 0 0 0 0 0 0 0 0 0 0 0 -0.015625 0 0 0 0 0 0 0 0 0 0 0 0 0 0 0 0 0 0 0 0 0 0 0 0 0 0 0 0 0 0 0 0 0 0 0 0 0 0 0 0 0 0 0 0 0 0 0 0 0 0 0 0 0 0 0 0 0 0 0 0 0 0 0 0 0 0 0 0 0 0 0 0 0 0 0 0 0 0 0 0.015625 0 0 0 
0 0 0 0 0 0 0 0 0 0 0 0 0 0 0 0 0 0 0.015625 0 0 0 0 0 0 0 0 0 0 0 0 0 0 0 0 0 0 0 0 0 0 0 0 0 0 0 0 0 0 0 0 0 0 0 0 0 0 0 0 0 0 0 0 0 0 0 0 0 0 0 0 0 0 0 0 0 0 0 0 0 0 0 0 0 0 0 0 0 0 0 0 0 0 0 -0.015625 0 0 0 -0.015625 0 0 0 0 0 0 0 0 0 0 0 0 0 0 0 0 0 0 0 0 0 0 0 0 0 0 0 0 0 0 0 0 0 0 0.015625 0 0 0 0 0 0 0 0 0 0 0 0 0 0 0 0 0 0 0 0 0 0 0 0 0 0 0 0 0 0 0 0 0 0 0 0 0 0 -0.015625 0 0 0 0 0 0 0 0 0 0 0 0 0 0 0 0 0 0 0 0 0 0 0 0 0 0 0 0 0 0 0 0 0 0 0 0 0 0 0 0 0 0 0 0 0 0 0 0 0 0 0 0 0 0 0 0 0 0 0 0 0 0 0 0 0 0 0 0 0 0 0 0 0 0 0 0 0 0 0 0.015625 0 0 0 
0 0 0 0 0 0 0 0 0 0 0 0 0 0 0 0 0 0 0.015625 0 0 0 0 0 0 0 0 0 0 0 0 0 0 0 0 0 0 0 0 0 0 0 0 0 0 0 0 0 0 0 0 0 0 0 0 0 0 0 0 0 0 0 0 0 0 0 0 0 0 0 0 0 0 0 0 0 0 0 0 0 0 0 0 0 0 0 0 0 0 0 0 0 0 0 -0.015625 0 0 0 -0.015625 0 0 0 0 0 0 0 0 0 0 0 0 0 0 0 0 0 0 0 0 0 0 0 0 0 0 0 0 0 0 0 0 0 0 0.015625 0 0 0 0 0 0 0 0 0 0 0 0 0 0 0 0 0 0 0 0 0 0 0 0 0 0 0 0 0 0 0 0 0 0 0 0 0 0 -0.015625 0 0 0 0 0 0 0 0 0 0 0 0 0 0 0 0 0 0 0 0 0 0 0 0 0 0 0 0 0 0 0 0 0 0 0 0 0 0 0 0 0 0 0 0 0 0 0 0 0 0 0 0 0 0 0 0 0 0 0 0 0 0 0 0 0 0 0 0 0 0 0 0 0 0 0 0 0 0 0 0.015625 0 0 0 
0 0 0 0 0 0 0 0 0 0 0 0 0 0 0 0 0 0 0.015625 0 0 0 0 0 0 0 0 0 0 0 0 0 0 0 0 0 0 0 0 0 0 0 0 0 0 0 0 0 0 0 0 0 0 0 0 0 0 0 0 0 0 0 0 0 0 0 0 0 0 0 0 0 0 0 0 0 0 0 0 0 0 0 0 0 0 0 0 0 0 0 0 0 0 0 -0.015625 0 0 0 -0.015625 0 0 0 0 0 0 0 0 0 0 0 0 0 0 0 0 0 0 0 0 0 0 0 0 0 0 0 0 0 0 0 0 0 0 0.015625 0 0 0 0 0 0 0 0 0 0 0 0 0 0 0 0 0 0 0 0 0 0 0 0 0 0 0 0 0 0 0 0 0 0 0 0 0 0 -0.015625 0 0 0 0 0 0 0 0 0 0 0 0 0 0 0 0 0 0 0 0 0 0 0 0 0 0 0 0 0 0 0 0 0 0 0 0 0 0 0 0 0 0 0 0 0 0 0 0 0 0 0 0 0 0 0 0 0 0 0 0 0 0 0 0 0 0 0 0 0 0 0 0 0 0 0 0 0 0 0 0.015625 0 0 0 
0 0 0 0 0 0 0 0 0 0 0 0 0 0 0 0 0 0 0.015625 0 0 0 0 0 0 0 0 0 0 0 0 0 0 0 0 0 0 0 0 0 0 0 0 0 0 0 0 0 0 0 0 0 0 0 0 0 0 0 0 0 0 0 0 0 0 0 0 0 0 0 0 0 0 0 0 0 0 0 0 0 0 0 0 0 0 0 0 0 0 0 0 0 0 0 -0.015625 0 0 0 -0.015625 0 0 0 0 0 0 0 0 0 0 0 0 0 0 0 0 0 0 0 0 0 0 0 0 0 0 0 0 0 0 0 0 0 0 0.015625 0 0 0 0 0 0 0 0 0 0 0 0 0 0 0 0 0 0 0 0 0 0 0 0 0 0 0 0 0 0 0 0 0 0 0 0 0 0 -0.015625 0 0 0 0 0 0 0 0 0 0 0 0 0 0 0 0 0 0 0 0 0 0 0 0 0 0 0 0 0 0 0 0 0 0 0 0 0 0 0 0 0 0 0 0 0 0 0 0 0 0 0 0 0 0 0 0 0 0 0 0 0 0 0 0 0 0 0 0 0 0 0 0 0 0 0 0 0 0 0 0.015625 0 0 0 
INFO: Saved inference results to file: tb_data/rtl_cosim_results.log
INFO: [COSIM 212-333] Generating C post check test bench ...
INFO: [COSIM 212-12] Generating RTL test bench ...
INFO: [COSIM 212-1] *** C/RTL co-simulation file generation completed. ***
INFO: [HLS 200-111] Finished Command cosim_design CPU user time: 42.64 seconds. CPU system time: 2.8 seconds. Elapsed time: 48.57 seconds; current allocated memory: 7.828 MB.
INFO: [COSIM 212-302] Starting C TB testing ...  
INFO: Unable to open input/predictions file, using default input.
0 0 0 0 0 0 0 0 0 0 0 0 0 0 0 0 0 0 0.015625 0 0 0 0 0 0 0 0 0 0 0 0 0 0 0 0 0 0 0 0 0 0 0 0 0 0 0 0 0 0 0 0 0 0 0 0 0 0 0 0 0 0 0 0 0 0 0 0 0 0 0 0 0 0 0 0 0 0 0 0 0 0 0 0 0 0 0 0 0 0 0 0 0 0 0 -0.015625 0 0 0 -0.015625 0 0 0 0 0 0 0 0 0 0 0 0 0 0 0 0 0 0 0 0 0 0 0 0 0 0 0 0 0 0 0 0 0 0 0.015625 0 0 0 0 0 0 0 0 0 0 0 0 0 0 0 0 0 0 0 0 0 0 0 0 0 0 0 0 0 0 0 0 0 0 0 0 0 0 -0.015625 0 0 0 0 0 0 0 0 0 0 0 0 0 0 0 0 0 0 0 0 0 0 0 0 0 0 0 0 0 0 0 0 0 0 0 0 0 0 0 0 0 0 0 0 0 0 0 0 0 0 0 0 0 0 0 0 0 0 0 0 0 0 0 0 0 0 0 0 0 0 0 0 0 0 0 0 0 0 0 0.015625 0 0 0 
0 0 0 0 0 0 0 0 0 0 0 0 0 0 0 0 0 0 0.015625 0 0 0 0 0 0 0 0 0 0 0 0 0 0 0 0 0 0 0 0 0 0 0 0 0 0 0 0 0 0 0 0 0 0 0 0 0 0 0 0 0 0 0 0 0 0 0 0 0 0 0 0 0 0 0 0 0 0 0 0 0 0 0 0 0 0 0 0 0 0 0 0 0 0 0 -0.015625 0 0 0 -0.015625 0 0 0 0 0 0 0 0 0 0 0 0 0 0 0 0 0 0 0 0 0 0 0 0 0 0 0 0 0 0 0 0 0 0 0.015625 0 0 0 0 0 0 0 0 0 0 0 0 0 0 0 0 0 0 0 0 0 0 0 0 0 0 0 0 0 0 0 0 0 0 0 0 0 0 -0.015625 0 0 0 0 0 0 0 0 0 0 0 0 0 0 0 0 0 0 0 0 0 0 0 0 0 0 0 0 0 0 0 0 0 0 0 0 0 0 0 0 0 0 0 0 0 0 0 0 0 0 0 0 0 0 0 0 0 0 0 0 0 0 0 0 0 0 0 0 0 0 0 0 0 0 0 0 0 0 0 0.015625 0 0 0 
0 0 0 0 0 0 0 0 0 0 0 0 0 0 0 0 0 0 0.015625 0 0 0 0 0 0 0 0 0 0 0 0 0 0 0 0 0 0 0 0 0 0 0 0 0 0 0 0 0 0 0 0 0 0 0 0 0 0 0 0 0 0 0 0 0 0 0 0 0 0 0 0 0 0 0 0 0 0 0 0 0 0 0 0 0 0 0 0 0 0 0 0 0 0 0 -0.015625 0 0 0 -0.015625 0 0 0 0 0 0 0 0 0 0 0 0 0 0 0 0 0 0 0 0 0 0 0 0 0 0 0 0 0 0 0 0 0 0 0.015625 0 0 0 0 0 0 0 0 0 0 0 0 0 0 0 0 0 0 0 0 0 0 0 0 0 0 0 0 0 0 0 0 0 0 0 0 0 0 -0.015625 0 0 0 0 0 0 0 0 0 0 0 0 0 0 0 0 0 0 0 0 0 0 0 0 0 0 0 0 0 0 0 0 0 0 0 0 0 0 0 0 0 0 0 0 0 0 0 0 0 0 0 0 0 0 0 0 0 0 0 0 0 0 0 0 0 0 0 0 0 0 0 0 0 0 0 0 0 0 0 0.015625 0 0 0 
0 0 0 0 0 0 0 0 0 0 0 0 0 0 0 0 0 0 0.015625 0 0 0 0 0 0 0 0 0 0 0 0 0 0 0 0 0 0 0 0 0 0 0 0 0 0 0 0 0 0 0 0 0 0 0 0 0 0 0 0 0 0 0 0 0 0 0 0 0 0 0 0 0 0 0 0 0 0 0 0 0 0 0 0 0 0 0 0 0 0 0 0 0 0 0 -0.015625 0 0 0 -0.015625 0 0 0 0 0 0 0 0 0 0 0 0 0 0 0 0 0 0 0 0 0 0 0 0 0 0 0 0 0 0 0 0 0 0 0.015625 0 0 0 0 0 0 0 0 0 0 0 0 0 0 0 0 0 0 0 0 0 0 0 0 0 0 0 0 0 0 0 0 0 0 0 0 0 0 -0.015625 0 0 0 0 0 0 0 0 0 0 0 0 0 0 0 0 0 0 0 0 0 0 0 0 0 0 0 0 0 0 0 0 0 0 0 0 0 0 0 0 0 0 0 0 0 0 0 0 0 0 0 0 0 0 0 0 0 0 0 0 0 0 0 0 0 0 0 0 0 0 0 0 0 0 0 0 0 0 0 0.015625 0 0 0 
0 0 0 0 0 0 0 0 0 0 0 0 0 0 0 0 0 0 0.015625 0 0 0 0 0 0 0 0 0 0 0 0 0 0 0 0 0 0 0 0 0 0 0 0 0 0 0 0 0 0 0 0 0 0 0 0 0 0 0 0 0 0 0 0 0 0 0 0 0 0 0 0 0 0 0 0 0 0 0 0 0 0 0 0 0 0 0 0 0 0 0 0 0 0 0 -0.015625 0 0 0 -0.015625 0 0 0 0 0 0 0 0 0 0 0 0 0 0 0 0 0 0 0 0 0 0 0 0 0 0 0 0 0 0 0 0 0 0 0.015625 0 0 0 0 0 0 0 0 0 0 0 0 0 0 0 0 0 0 0 0 0 0 0 0 0 0 0 0 0 0 0 0 0 0 0 0 0 0 -0.015625 0 0 0 0 0 0 0 0 0 0 0 0 0 0 0 0 0 0 0 0 0 0 0 0 0 0 0 0 0 0 0 0 0 0 0 0 0 0 0 0 0 0 0 0 0 0 0 0 0 0 0 0 0 0 0 0 0 0 0 0 0 0 0 0 0 0 0 0 0 0 0 0 0 0 0 0 0 0 0 0.015625 0 0 0 
INFO: Saved inference results to file: tb_data/rtl_cosim_results.log
INFO: [COSIM 212-323] Starting verilog simulation...
INFO: [COSIM 212-15] Starting XSIM ...
Vivado Simulator v2023.2
Copyright 1986-2022 Xilinx, Inc. All Rights Reserved.
Copyright 2022-2023 Advanced Micro Devices, Inc. All Rights Reserved.
Running: /data/software/xilinx/Vivado/2023.2/bin/unwrapped/lnx64.o/xelab xil_defaultlib.apatb_myproject_top glbl -Oenable_linking_all_libraries -prj myproject.prj -L smartconnect_v1_0 -L axi_protocol_checker_v1_1_12 -L axi_protocol_checker_v1_1_13 -L axis_protocol_checker_v1_1_11 -L axis_protocol_checker_v1_1_12 -L xil_defaultlib -L unisims_ver -L xpm -L floating_point_v7_1_16 -L floating_point_v7_0_21 --lib ieee_proposed=./ieee_proposed -s myproject -debug all 
Multi-threading is on. Using 62 slave threads.
INFO: [VRFC 10-2263] Analyzing SystemVerilog file "/home/users/kayamaguchi/bnjet_hgq2/probe_bitlinear_rf256/myproject_prj/solution1/sim/verilog/glbl.v" into library work
INFO: [VRFC 10-311] analyzing module glbl
INFO: [VRFC 10-2263] Analyzing SystemVerilog file "/home/users/kayamaguchi/bnjet_hgq2/probe_bitlinear_rf256/myproject_prj/solution1/sim/verilog/myproject.autotb.v" into library xil_defaultlib
INFO: [VRFC 10-311] analyzing module apatb_myproject_top
INFO: [VRFC 10-2263] Analyzing SystemVerilog file "/home/users/kayamaguchi/bnjet_hgq2/probe_bitlinear_rf256/myproject_prj/solution1/sim/verilog/myproject_subln_1d_ap_fixed_31_15_5_3_0_ap_fixed_8_3_4_0_0_config2_s.v" into library xil_defaultlib
INFO: [VRFC 10-311] analyzing module myproject_subln_1d_ap_fixed_31_15_5_3_0_ap_fixed_8_3_4_0_0_config2_s
INFO: [VRFC 10-2263] Analyzing SystemVerilog file "/home/users/kayamaguchi/bnjet_hgq2/probe_bitlinear_rf256/myproject_prj/solution1/sim/verilog/myproject_subln_ap_fixed_31_15_5_3_0_ap_fixed_8_3_4_0_0_config2_s.v" into library xil_defaultlib
INFO: [VRFC 10-311] analyzing module myproject_subln_ap_fixed_31_15_5_3_0_ap_fixed_8_3_4_0_0_config2_s
INFO: [VRFC 10-2263] Analyzing SystemVerilog file "/home/users/kayamaguchi/bnjet_hgq2/probe_bitlinear_rf256/myproject_prj/solution1/sim/verilog/myproject_dense_resource_rf_leq_nin_ap_fixed_ap_fixed_19_7_5_3_0_config4_s.v" into library xil_defaultlib
INFO: [VRFC 10-311] analyzing module myproject_dense_resource_rf_leq_nin_ap_fixed_ap_fixed_19_7_5_3_0_config4_s
INFO: [VRFC 10-2263] Analyzing SystemVerilog file "/home/users/kayamaguchi/bnjet_hgq2/probe_bitlinear_rf256/myproject_prj/solution1/sim/verilog/myproject.v" into library xil_defaultlib
INFO: [VRFC 10-311] analyzing module myproject
INFO: [VRFC 10-2263] Analyzing SystemVerilog file "/home/users/kayamaguchi/bnjet_hgq2/probe_bitlinear_rf256/myproject_prj/solution1/sim/verilog/myproject_frp_fifoout.v" into library xil_defaultlib
INFO: [VRFC 10-311] analyzing module myproject_frp_fifoout
INFO: [VRFC 10-2263] Analyzing SystemVerilog file "/home/users/kayamaguchi/bnjet_hgq2/probe_bitlinear_rf256/myproject_prj/solution1/sim/verilog/myproject_frp_pipeline_valid.v" into library xil_defaultlib
INFO: [VRFC 10-311] analyzing module myproject_frp_pipeline_valid
INFO: [VRFC 10-2263] Analyzing SystemVerilog file "/home/users/kayamaguchi/bnjet_hgq2/probe_bitlinear_rf256/myproject_prj/solution1/sim/verilog/myproject_flow_control_loop_pipe.v" into library xil_defaultlib
INFO: [VRFC 10-311] analyzing module myproject_flow_control_loop_pipe
INFO: [VRFC 10-2263] Analyzing SystemVerilog file "/home/users/kayamaguchi/bnjet_hgq2/probe_bitlinear_rf256/myproject_prj/solution1/sim/verilog/myproject_mul_40s_18ns_58_5_1.v" into library xil_defaultlib
INFO: [VRFC 10-311] analyzing module myproject_mul_40s_18ns_58_5_1
INFO: [VRFC 10-2263] Analyzing SystemVerilog file "/home/users/kayamaguchi/bnjet_hgq2/probe_bitlinear_rf256/myproject_prj/solution1/sim/verilog/myproject_mul_40s_40s_79_5_1.v" into library xil_defaultlib
INFO: [VRFC 10-311] analyzing module myproject_mul_40s_40s_79_5_1
INFO: [VRFC 10-2263] Analyzing SystemVerilog file "/home/users/kayamaguchi/bnjet_hgq2/probe_bitlinear_rf256/myproject_prj/solution1/sim/verilog/myproject_subln_1d_ap_fixed_31_15_5_3_0_ap_fixed_8_3_4_0_0_config2_s_invsqrt_table_ROM_bkb.v" into library xil_defaultlib
INFO: [VRFC 10-311] analyzing module myproject_subln_1d_ap_fixed_31_15_5_3_0_ap_fixed_8_3_4_0_0_config2_s_invsqrt_table_ROM_bkb
INFO: [VRFC 10-2263] Analyzing SystemVerilog file "/home/users/kayamaguchi/bnjet_hgq2/probe_bitlinear_rf256/myproject_prj/solution1/sim/verilog/myproject_sparsemux_513_8_8_1_1.v" into library xil_defaultlib
INFO: [VRFC 10-311] analyzing module myproject_sparsemux_513_8_8_1_1
INFO: [VRFC 10-2263] Analyzing SystemVerilog file "/home/users/kayamaguchi/bnjet_hgq2/probe_bitlinear_rf256/myproject_prj/solution1/sim/verilog/myproject_dense_resource_rf_leq_nin_ap_fixed_ap_fixed_19_7_5_3_0_config4_s_w4_69_ROM_NPcud.v" into library xil_defaultlib
INFO: [VRFC 10-311] analyzing module myproject_dense_resource_rf_leq_nin_ap_fixed_ap_fixed_19_7_5_3_0_config4_s_w4_69_ROM_NPcud
INFO: [VRFC 10-2263] Analyzing SystemVerilog file "/home/users/kayamaguchi/bnjet_hgq2/probe_bitlinear_rf256/myproject_prj/solution1/sim/verilog/myproject_fifo_w8_d2_S.v" into library xil_defaultlib
INFO: [VRFC 10-311] analyzing module myproject_fifo_w8_d2_S
INFO: [VRFC 10-311] analyzing module myproject_fifo_w8_d2_S_ShiftReg
INFO: [VRFC 10-2263] Analyzing SystemVerilog file "/home/users/kayamaguchi/bnjet_hgq2/probe_bitlinear_rf256/myproject_prj/solution1/sim/verilog/myproject_mac_muladd_8s_4s_19s_19_3_1.v" into library xil_defaultlib
INFO: [VRFC 10-311] analyzing module myproject_mac_muladd_8s_4s_19s_19_3_1_DSP48_0
INFO: [VRFC 10-311] analyzing module myproject_mac_muladd_8s_4s_19s_19_3_1
INFO: [VRFC 10-2263] Analyzing SystemVerilog file "/home/users/kayamaguchi/bnjet_hgq2/probe_bitlinear_rf256/myproject_prj/solution1/sim/verilog/dataflow_monitor.sv" into library xil_defaultlib
INFO: [VRFC 10-311] analyzing module dataflow_monitor
Starting static elaboration
Pass Through NonSizing Optimizer
WARNING: [VRFC 10-5021] port 'reset' is not connected on this instance [/home/users/kayamaguchi/bnjet_hgq2/probe_bitlinear_rf256/myproject_prj/solution1/sim/verilog/myproject_fifo_w8_d2_S.v:49]
Completed static elaboration
Starting simulation data flow analysis
Completed simulation data flow analysis
Time Resolution for simulation is 1ps
Compiling package xil_defaultlib.$unit_dataflow_monitor_sv
Compiling module xil_defaultlib.myproject_subln_1d_ap_fixed_31_1...
Compiling module xil_defaultlib.myproject_mul_40s_18ns_58_5_1(NU...
Compiling module xil_defaultlib.myproject_mul_40s_40s_79_5_1(NUM...
Compiling module xil_defaultlib.myproject_subln_1d_ap_fixed_31_1...
Compiling module xil_defaultlib.myproject_subln_ap_fixed_31_15_5...
Compiling module xil_defaultlib.myproject_dense_resource_rf_leq_...
Compiling module xil_defaultlib.myproject_sparsemux_513_8_8_1_1(...
Compiling module xil_defaultlib.myproject_mac_muladd_8s_4s_19s_1...
Compiling module xil_defaultlib.myproject_mac_muladd_8s_4s_19s_1...
Compiling module xil_defaultlib.myproject_flow_control_loop_pipe
Compiling module xil_defaultlib.myproject_frp_pipeline_valid(Pip...
Compiling module xil_defaultlib.myproject_frp_fifoout(BlockingTy...
Compiling module xil_defaultlib.myproject_dense_resource_rf_leq_...
Compiling module xil_defaultlib.myproject_fifo_w8_d2_S_ShiftReg
Compiling module xil_defaultlib.myproject_fifo_w8_d2_S
Compiling module xil_defaultlib.myproject
Compiling module xil_defaultlib.df_fifo_intf
Compiling module xil_defaultlib.df_process_intf
Compiling module xil_defaultlib.nodf_module_intf
Compiling module xil_defaultlib.dataflow_monitor_1
Compiling module xil_defaultlib.apatb_myproject_top
Compiling module work.glbl
Built simulation snapshot myproject

****** xsim v2023.2 (64-bit)
  **** SW Build 4029153 on Fri Oct 13 20:13:54 MDT 2023
  **** IP Build 4028589 on Sat Oct 14 00:45:43 MDT 2023
  **** SharedData Build 4025554 on Tue Oct 10 17:18:54 MDT 2023
    ** Copyright 1986-2022 Xilinx, Inc. All Rights Reserved.
    ** Copyright 2022-2023 Advanced Micro Devices, Inc. All Rights Reserved.

source xsim.dir/myproject/xsim_script.tcl
# xsim {myproject} -view {{myproject_dataflow_ana.wcfg}} -tclbatch {myproject.tcl} -protoinst {myproject.protoinst}
INFO: [Wavedata 42-565] Reading protoinst file myproject.protoinst
INFO: [Wavedata 42-564]   Found protocol instance at /apatb_myproject_top/AESL_inst_myproject//AESL_inst_myproject_activity
INFO: [Wavedata 42-564]   Found protocol instance at /apatb_myproject_top/AESL_inst_myproject/dense_resource_rf_leq_nin_ap_fixed_ap_fixed_19_7_5_3_0_config4_U0/dense_resource_rf_leq_nin_ap_fixed_ap_fixed_19_7_5_3_0_config4_U0_activity
INFO: [Wavedata 42-564]   Found protocol instance at /apatb_myproject_top/AESL_inst_myproject/subln_ap_fixed_31_15_5_3_0_ap_fixed_8_3_4_0_0_config2_U0/grp_subln_1d_ap_fixed_31_15_5_3_0_ap_fixed_8_3_4_0_0_config2_s_fu_1036/grp_subln_1d_ap_fixed_31_15_5_3_0_ap_fixed_8_3_4_0_0_config2_s_fu_1036_activity
INFO: [Wavedata 42-564]   Found protocol instance at /apatb_myproject_top/AESL_inst_myproject/subln_ap_fixed_31_15_5_3_0_ap_fixed_8_3_4_0_0_config2_U0/subln_ap_fixed_31_15_5_3_0_ap_fixed_8_3_4_0_0_config2_U0_activity
Time resolution is 1 ps
open_wave_config myproject_dataflow_ana.wcfg
WARNING: Simulation object /apatb_myproject_top/AESL_inst_myproject/subln_ap_fixed_31_15_5_3_0_ap_fixed_8_3_4_0_0_config2_U0/invsqrt_table_address0 was not found in the design.
WARNING: Simulation object /apatb_myproject_top/AESL_inst_myproject/subln_ap_fixed_31_15_5_3_0_ap_fixed_8_3_4_0_0_config2_U0/invsqrt_table_q0 was not found in the design.
WARNING: Simulation object /apatb_myproject_top/AESL_inst_myproject/subln_ap_fixed_31_15_5_3_0_ap_fixed_8_3_4_0_0_config2_U0/invsqrt_table_ce0 was not found in the design.
source myproject.tcl
## set designtopgroup [add_wave_group "Design Top Signals"]
## set coutputgroup [add_wave_group "C Outputs" -into $designtopgroup]
## set return_group [add_wave_group return(wire) -into $coutputgroup]
## add_wave /apatb_myproject_top/AESL_inst_myproject/layer4_out_255_ap_vld -into $return_group -color #ffff00 -radix hex
## add_wave /apatb_myproject_top/AESL_inst_myproject/layer4_out_254_ap_vld -into $return_group -color #ffff00 -radix hex
## add_wave /apatb_myproject_top/AESL_inst_myproject/layer4_out_253_ap_vld -into $return_group -color #ffff00 -radix hex
## add_wave /apatb_myproject_top/AESL_inst_myproject/layer4_out_252_ap_vld -into $return_group -color #ffff00 -radix hex
## add_wave /apatb_myproject_top/AESL_inst_myproject/layer4_out_251_ap_vld -into $return_group -color #ffff00 -radix hex
## add_wave /apatb_myproject_top/AESL_inst_myproject/layer4_out_250_ap_vld -into $return_group -color #ffff00 -radix hex
## add_wave /apatb_myproject_top/AESL_inst_myproject/layer4_out_249_ap_vld -into $return_group -color #ffff00 -radix hex
## add_wave /apatb_myproject_top/AESL_inst_myproject/layer4_out_248_ap_vld -into $return_group -color #ffff00 -radix hex
## add_wave /apatb_myproject_top/AESL_inst_myproject/layer4_out_247_ap_vld -into $return_group -color #ffff00 -radix hex
## add_wave /apatb_myproject_top/AESL_inst_myproject/layer4_out_246_ap_vld -into $return_group -color #ffff00 -radix hex
## add_wave /apatb_myproject_top/AESL_inst_myproject/layer4_out_245_ap_vld -into $return_group -color #ffff00 -radix hex
## add_wave /apatb_myproject_top/AESL_inst_myproject/layer4_out_244_ap_vld -into $return_group -color #ffff00 -radix hex
## add_wave /apatb_myproject_top/AESL_inst_myproject/layer4_out_243_ap_vld -into $return_group -color #ffff00 -radix hex
## add_wave /apatb_myproject_top/AESL_inst_myproject/layer4_out_242_ap_vld -into $return_group -color #ffff00 -radix hex
## add_wave /apatb_myproject_top/AESL_inst_myproject/layer4_out_241_ap_vld -into $return_group -color #ffff00 -radix hex
## add_wave /apatb_myproject_top/AESL_inst_myproject/layer4_out_240_ap_vld -into $return_group -color #ffff00 -radix hex
## add_wave /apatb_myproject_top/AESL_inst_myproject/layer4_out_239_ap_vld -into $return_group -color #ffff00 -radix hex
## add_wave /apatb_myproject_top/AESL_inst_myproject/layer4_out_238_ap_vld -into $return_group -color #ffff00 -radix hex
## add_wave /apatb_myproject_top/AESL_inst_myproject/layer4_out_237_ap_vld -into $return_group -color #ffff00 -radix hex
## add_wave /apatb_myproject_top/AESL_inst_myproject/layer4_out_236_ap_vld -into $return_group -color #ffff00 -radix hex
## add_wave /apatb_myproject_top/AESL_inst_myproject/layer4_out_235_ap_vld -into $return_group -color #ffff00 -radix hex
## add_wave /apatb_myproject_top/AESL_inst_myproject/layer4_out_234_ap_vld -into $return_group -color #ffff00 -radix hex
## add_wave /apatb_myproject_top/AESL_inst_myproject/layer4_out_233_ap_vld -into $return_group -color #ffff00 -radix hex
## add_wave /apatb_myproject_top/AESL_inst_myproject/layer4_out_232_ap_vld -into $return_group -color #ffff00 -radix hex
## add_wave /apatb_myproject_top/AESL_inst_myproject/layer4_out_231_ap_vld -into $return_group -color #ffff00 -radix hex
## add_wave /apatb_myproject_top/AESL_inst_myproject/layer4_out_230_ap_vld -into $return_group -color #ffff00 -radix hex
## add_wave /apatb_myproject_top/AESL_inst_myproject/layer4_out_229_ap_vld -into $return_group -color #ffff00 -radix hex
## add_wave /apatb_myproject_top/AESL_inst_myproject/layer4_out_228_ap_vld -into $return_group -color #ffff00 -radix hex
## add_wave /apatb_myproject_top/AESL_inst_myproject/layer4_out_227_ap_vld -into $return_group -color #ffff00 -radix hex
## add_wave /apatb_myproject_top/AESL_inst_myproject/layer4_out_226_ap_vld -into $return_group -color #ffff00 -radix hex
## add_wave /apatb_myproject_top/AESL_inst_myproject/layer4_out_225_ap_vld -into $return_group -color #ffff00 -radix hex
## add_wave /apatb_myproject_top/AESL_inst_myproject/layer4_out_224_ap_vld -into $return_group -color #ffff00 -radix hex
## add_wave /apatb_myproject_top/AESL_inst_myproject/layer4_out_223_ap_vld -into $return_group -color #ffff00 -radix hex
## add_wave /apatb_myproject_top/AESL_inst_myproject/layer4_out_222_ap_vld -into $return_group -color #ffff00 -radix hex
## add_wave /apatb_myproject_top/AESL_inst_myproject/layer4_out_221_ap_vld -into $return_group -color #ffff00 -radix hex
## add_wave /apatb_myproject_top/AESL_inst_myproject/layer4_out_220_ap_vld -into $return_group -color #ffff00 -radix hex
## add_wave /apatb_myproject_top/AESL_inst_myproject/layer4_out_219_ap_vld -into $return_group -color #ffff00 -radix hex
## add_wave /apatb_myproject_top/AESL_inst_myproject/layer4_out_218_ap_vld -into $return_group -color #ffff00 -radix hex
## add_wave /apatb_myproject_top/AESL_inst_myproject/layer4_out_217_ap_vld -into $return_group -color #ffff00 -radix hex
## add_wave /apatb_myproject_top/AESL_inst_myproject/layer4_out_216_ap_vld -into $return_group -color #ffff00 -radix hex
## add_wave /apatb_myproject_top/AESL_inst_myproject/layer4_out_215_ap_vld -into $return_group -color #ffff00 -radix hex
## add_wave /apatb_myproject_top/AESL_inst_myproject/layer4_out_214_ap_vld -into $return_group -color #ffff00 -radix hex
## add_wave /apatb_myproject_top/AESL_inst_myproject/layer4_out_213_ap_vld -into $return_group -color #ffff00 -radix hex
## add_wave /apatb_myproject_top/AESL_inst_myproject/layer4_out_212_ap_vld -into $return_group -color #ffff00 -radix hex
## add_wave /apatb_myproject_top/AESL_inst_myproject/layer4_out_211_ap_vld -into $return_group -color #ffff00 -radix hex
## add_wave /apatb_myproject_top/AESL_inst_myproject/layer4_out_210_ap_vld -into $return_group -color #ffff00 -radix hex
## add_wave /apatb_myproject_top/AESL_inst_myproject/layer4_out_209_ap_vld -into $return_group -color #ffff00 -radix hex
## add_wave /apatb_myproject_top/AESL_inst_myproject/layer4_out_208_ap_vld -into $return_group -color #ffff00 -radix hex
## add_wave /apatb_myproject_top/AESL_inst_myproject/layer4_out_207_ap_vld -into $return_group -color #ffff00 -radix hex
## add_wave /apatb_myproject_top/AESL_inst_myproject/layer4_out_206_ap_vld -into $return_group -color #ffff00 -radix hex
## add_wave /apatb_myproject_top/AESL_inst_myproject/layer4_out_205_ap_vld -into $return_group -color #ffff00 -radix hex
## add_wave /apatb_myproject_top/AESL_inst_myproject/layer4_out_204_ap_vld -into $return_group -color #ffff00 -radix hex
## add_wave /apatb_myproject_top/AESL_inst_myproject/layer4_out_203_ap_vld -into $return_group -color #ffff00 -radix hex
## add_wave /apatb_myproject_top/AESL_inst_myproject/layer4_out_202_ap_vld -into $return_group -color #ffff00 -radix hex
## add_wave /apatb_myproject_top/AESL_inst_myproject/layer4_out_201_ap_vld -into $return_group -color #ffff00 -radix hex
## add_wave /apatb_myproject_top/AESL_inst_myproject/layer4_out_200_ap_vld -into $return_group -color #ffff00 -radix hex
## add_wave /apatb_myproject_top/AESL_inst_myproject/layer4_out_199_ap_vld -into $return_group -color #ffff00 -radix hex
## add_wave /apatb_myproject_top/AESL_inst_myproject/layer4_out_198_ap_vld -into $return_group -color #ffff00 -radix hex
## add_wave /apatb_myproject_top/AESL_inst_myproject/layer4_out_197_ap_vld -into $return_group -color #ffff00 -radix hex
## add_wave /apatb_myproject_top/AESL_inst_myproject/layer4_out_196_ap_vld -into $return_group -color #ffff00 -radix hex
## add_wave /apatb_myproject_top/AESL_inst_myproject/layer4_out_195_ap_vld -into $return_group -color #ffff00 -radix hex
## add_wave /apatb_myproject_top/AESL_inst_myproject/layer4_out_194_ap_vld -into $return_group -color #ffff00 -radix hex
## add_wave /apatb_myproject_top/AESL_inst_myproject/layer4_out_193_ap_vld -into $return_group -color #ffff00 -radix hex
## add_wave /apatb_myproject_top/AESL_inst_myproject/layer4_out_192_ap_vld -into $return_group -color #ffff00 -radix hex
## add_wave /apatb_myproject_top/AESL_inst_myproject/layer4_out_191_ap_vld -into $return_group -color #ffff00 -radix hex
## add_wave /apatb_myproject_top/AESL_inst_myproject/layer4_out_190_ap_vld -into $return_group -color #ffff00 -radix hex
## add_wave /apatb_myproject_top/AESL_inst_myproject/layer4_out_189_ap_vld -into $return_group -color #ffff00 -radix hex
## add_wave /apatb_myproject_top/AESL_inst_myproject/layer4_out_188_ap_vld -into $return_group -color #ffff00 -radix hex
## add_wave /apatb_myproject_top/AESL_inst_myproject/layer4_out_187_ap_vld -into $return_group -color #ffff00 -radix hex
## add_wave /apatb_myproject_top/AESL_inst_myproject/layer4_out_186_ap_vld -into $return_group -color #ffff00 -radix hex
## add_wave /apatb_myproject_top/AESL_inst_myproject/layer4_out_185_ap_vld -into $return_group -color #ffff00 -radix hex
## add_wave /apatb_myproject_top/AESL_inst_myproject/layer4_out_184_ap_vld -into $return_group -color #ffff00 -radix hex
## add_wave /apatb_myproject_top/AESL_inst_myproject/layer4_out_183_ap_vld -into $return_group -color #ffff00 -radix hex
## add_wave /apatb_myproject_top/AESL_inst_myproject/layer4_out_182_ap_vld -into $return_group -color #ffff00 -radix hex
## add_wave /apatb_myproject_top/AESL_inst_myproject/layer4_out_181_ap_vld -into $return_group -color #ffff00 -radix hex
## add_wave /apatb_myproject_top/AESL_inst_myproject/layer4_out_180_ap_vld -into $return_group -color #ffff00 -radix hex
## add_wave /apatb_myproject_top/AESL_inst_myproject/layer4_out_179_ap_vld -into $return_group -color #ffff00 -radix hex
## add_wave /apatb_myproject_top/AESL_inst_myproject/layer4_out_178_ap_vld -into $return_group -color #ffff00 -radix hex
## add_wave /apatb_myproject_top/AESL_inst_myproject/layer4_out_177_ap_vld -into $return_group -color #ffff00 -radix hex
## add_wave /apatb_myproject_top/AESL_inst_myproject/layer4_out_176_ap_vld -into $return_group -color #ffff00 -radix hex
## add_wave /apatb_myproject_top/AESL_inst_myproject/layer4_out_175_ap_vld -into $return_group -color #ffff00 -radix hex
## add_wave /apatb_myproject_top/AESL_inst_myproject/layer4_out_174_ap_vld -into $return_group -color #ffff00 -radix hex
## add_wave /apatb_myproject_top/AESL_inst_myproject/layer4_out_173_ap_vld -into $return_group -color #ffff00 -radix hex
## add_wave /apatb_myproject_top/AESL_inst_myproject/layer4_out_172_ap_vld -into $return_group -color #ffff00 -radix hex
## add_wave /apatb_myproject_top/AESL_inst_myproject/layer4_out_171_ap_vld -into $return_group -color #ffff00 -radix hex
## add_wave /apatb_myproject_top/AESL_inst_myproject/layer4_out_170_ap_vld -into $return_group -color #ffff00 -radix hex
## add_wave /apatb_myproject_top/AESL_inst_myproject/layer4_out_169_ap_vld -into $return_group -color #ffff00 -radix hex
## add_wave /apatb_myproject_top/AESL_inst_myproject/layer4_out_168_ap_vld -into $return_group -color #ffff00 -radix hex
## add_wave /apatb_myproject_top/AESL_inst_myproject/layer4_out_167_ap_vld -into $return_group -color #ffff00 -radix hex
## add_wave /apatb_myproject_top/AESL_inst_myproject/layer4_out_166_ap_vld -into $return_group -color #ffff00 -radix hex
## add_wave /apatb_myproject_top/AESL_inst_myproject/layer4_out_165_ap_vld -into $return_group -color #ffff00 -radix hex
## add_wave /apatb_myproject_top/AESL_inst_myproject/layer4_out_164_ap_vld -into $return_group -color #ffff00 -radix hex
## add_wave /apatb_myproject_top/AESL_inst_myproject/layer4_out_163_ap_vld -into $return_group -color #ffff00 -radix hex
## add_wave /apatb_myproject_top/AESL_inst_myproject/layer4_out_162_ap_vld -into $return_group -color #ffff00 -radix hex
## add_wave /apatb_myproject_top/AESL_inst_myproject/layer4_out_161_ap_vld -into $return_group -color #ffff00 -radix hex
## add_wave /apatb_myproject_top/AESL_inst_myproject/layer4_out_160_ap_vld -into $return_group -color #ffff00 -radix hex
## add_wave /apatb_myproject_top/AESL_inst_myproject/layer4_out_159_ap_vld -into $return_group -color #ffff00 -radix hex
## add_wave /apatb_myproject_top/AESL_inst_myproject/layer4_out_158_ap_vld -into $return_group -color #ffff00 -radix hex
## add_wave /apatb_myproject_top/AESL_inst_myproject/layer4_out_157_ap_vld -into $return_group -color #ffff00 -radix hex
## add_wave /apatb_myproject_top/AESL_inst_myproject/layer4_out_156_ap_vld -into $return_group -color #ffff00 -radix hex
## add_wave /apatb_myproject_top/AESL_inst_myproject/layer4_out_155_ap_vld -into $return_group -color #ffff00 -radix hex
## add_wave /apatb_myproject_top/AESL_inst_myproject/layer4_out_154_ap_vld -into $return_group -color #ffff00 -radix hex
## add_wave /apatb_myproject_top/AESL_inst_myproject/layer4_out_153_ap_vld -into $return_group -color #ffff00 -radix hex
## add_wave /apatb_myproject_top/AESL_inst_myproject/layer4_out_152_ap_vld -into $return_group -color #ffff00 -radix hex
## add_wave /apatb_myproject_top/AESL_inst_myproject/layer4_out_151_ap_vld -into $return_group -color #ffff00 -radix hex
## add_wave /apatb_myproject_top/AESL_inst_myproject/layer4_out_150_ap_vld -into $return_group -color #ffff00 -radix hex
## add_wave /apatb_myproject_top/AESL_inst_myproject/layer4_out_149_ap_vld -into $return_group -color #ffff00 -radix hex
## add_wave /apatb_myproject_top/AESL_inst_myproject/layer4_out_148_ap_vld -into $return_group -color #ffff00 -radix hex
## add_wave /apatb_myproject_top/AESL_inst_myproject/layer4_out_147_ap_vld -into $return_group -color #ffff00 -radix hex
## add_wave /apatb_myproject_top/AESL_inst_myproject/layer4_out_146_ap_vld -into $return_group -color #ffff00 -radix hex
## add_wave /apatb_myproject_top/AESL_inst_myproject/layer4_out_145_ap_vld -into $return_group -color #ffff00 -radix hex
## add_wave /apatb_myproject_top/AESL_inst_myproject/layer4_out_144_ap_vld -into $return_group -color #ffff00 -radix hex
## add_wave /apatb_myproject_top/AESL_inst_myproject/layer4_out_143_ap_vld -into $return_group -color #ffff00 -radix hex
## add_wave /apatb_myproject_top/AESL_inst_myproject/layer4_out_142_ap_vld -into $return_group -color #ffff00 -radix hex
## add_wave /apatb_myproject_top/AESL_inst_myproject/layer4_out_141_ap_vld -into $return_group -color #ffff00 -radix hex
## add_wave /apatb_myproject_top/AESL_inst_myproject/layer4_out_140_ap_vld -into $return_group -color #ffff00 -radix hex
## add_wave /apatb_myproject_top/AESL_inst_myproject/layer4_out_139_ap_vld -into $return_group -color #ffff00 -radix hex
## add_wave /apatb_myproject_top/AESL_inst_myproject/layer4_out_138_ap_vld -into $return_group -color #ffff00 -radix hex
## add_wave /apatb_myproject_top/AESL_inst_myproject/layer4_out_137_ap_vld -into $return_group -color #ffff00 -radix hex
## add_wave /apatb_myproject_top/AESL_inst_myproject/layer4_out_136_ap_vld -into $return_group -color #ffff00 -radix hex
## add_wave /apatb_myproject_top/AESL_inst_myproject/layer4_out_135_ap_vld -into $return_group -color #ffff00 -radix hex
## add_wave /apatb_myproject_top/AESL_inst_myproject/layer4_out_134_ap_vld -into $return_group -color #ffff00 -radix hex
## add_wave /apatb_myproject_top/AESL_inst_myproject/layer4_out_133_ap_vld -into $return_group -color #ffff00 -radix hex
## add_wave /apatb_myproject_top/AESL_inst_myproject/layer4_out_132_ap_vld -into $return_group -color #ffff00 -radix hex
## add_wave /apatb_myproject_top/AESL_inst_myproject/layer4_out_131_ap_vld -into $return_group -color #ffff00 -radix hex
## add_wave /apatb_myproject_top/AESL_inst_myproject/layer4_out_130_ap_vld -into $return_group -color #ffff00 -radix hex
## add_wave /apatb_myproject_top/AESL_inst_myproject/layer4_out_129_ap_vld -into $return_group -color #ffff00 -radix hex
## add_wave /apatb_myproject_top/AESL_inst_myproject/layer4_out_128_ap_vld -into $return_group -color #ffff00 -radix hex
## add_wave /apatb_myproject_top/AESL_inst_myproject/layer4_out_127_ap_vld -into $return_group -color #ffff00 -radix hex
## add_wave /apatb_myproject_top/AESL_inst_myproject/layer4_out_126_ap_vld -into $return_group -color #ffff00 -radix hex
## add_wave /apatb_myproject_top/AESL_inst_myproject/layer4_out_125_ap_vld -into $return_group -color #ffff00 -radix hex
## add_wave /apatb_myproject_top/AESL_inst_myproject/layer4_out_124_ap_vld -into $return_group -color #ffff00 -radix hex
## add_wave /apatb_myproject_top/AESL_inst_myproject/layer4_out_123_ap_vld -into $return_group -color #ffff00 -radix hex
## add_wave /apatb_myproject_top/AESL_inst_myproject/layer4_out_122_ap_vld -into $return_group -color #ffff00 -radix hex
## add_wave /apatb_myproject_top/AESL_inst_myproject/layer4_out_121_ap_vld -into $return_group -color #ffff00 -radix hex
## add_wave /apatb_myproject_top/AESL_inst_myproject/layer4_out_120_ap_vld -into $return_group -color #ffff00 -radix hex
## add_wave /apatb_myproject_top/AESL_inst_myproject/layer4_out_119_ap_vld -into $return_group -color #ffff00 -radix hex
## add_wave /apatb_myproject_top/AESL_inst_myproject/layer4_out_118_ap_vld -into $return_group -color #ffff00 -radix hex
## add_wave /apatb_myproject_top/AESL_inst_myproject/layer4_out_117_ap_vld -into $return_group -color #ffff00 -radix hex
## add_wave /apatb_myproject_top/AESL_inst_myproject/layer4_out_116_ap_vld -into $return_group -color #ffff00 -radix hex
## add_wave /apatb_myproject_top/AESL_inst_myproject/layer4_out_115_ap_vld -into $return_group -color #ffff00 -radix hex
## add_wave /apatb_myproject_top/AESL_inst_myproject/layer4_out_114_ap_vld -into $return_group -color #ffff00 -radix hex
## add_wave /apatb_myproject_top/AESL_inst_myproject/layer4_out_113_ap_vld -into $return_group -color #ffff00 -radix hex
## add_wave /apatb_myproject_top/AESL_inst_myproject/layer4_out_112_ap_vld -into $return_group -color #ffff00 -radix hex
## add_wave /apatb_myproject_top/AESL_inst_myproject/layer4_out_111_ap_vld -into $return_group -color #ffff00 -radix hex
## add_wave /apatb_myproject_top/AESL_inst_myproject/layer4_out_110_ap_vld -into $return_group -color #ffff00 -radix hex
## add_wave /apatb_myproject_top/AESL_inst_myproject/layer4_out_109_ap_vld -into $return_group -color #ffff00 -radix hex
## add_wave /apatb_myproject_top/AESL_inst_myproject/layer4_out_108_ap_vld -into $return_group -color #ffff00 -radix hex
## add_wave /apatb_myproject_top/AESL_inst_myproject/layer4_out_107_ap_vld -into $return_group -color #ffff00 -radix hex
## add_wave /apatb_myproject_top/AESL_inst_myproject/layer4_out_106_ap_vld -into $return_group -color #ffff00 -radix hex
## add_wave /apatb_myproject_top/AESL_inst_myproject/layer4_out_105_ap_vld -into $return_group -color #ffff00 -radix hex
## add_wave /apatb_myproject_top/AESL_inst_myproject/layer4_out_104_ap_vld -into $return_group -color #ffff00 -radix hex
## add_wave /apatb_myproject_top/AESL_inst_myproject/layer4_out_103_ap_vld -into $return_group -color #ffff00 -radix hex
## add_wave /apatb_myproject_top/AESL_inst_myproject/layer4_out_102_ap_vld -into $return_group -color #ffff00 -radix hex
## add_wave /apatb_myproject_top/AESL_inst_myproject/layer4_out_101_ap_vld -into $return_group -color #ffff00 -radix hex
## add_wave /apatb_myproject_top/AESL_inst_myproject/layer4_out_100_ap_vld -into $return_group -color #ffff00 -radix hex
## add_wave /apatb_myproject_top/AESL_inst_myproject/layer4_out_99_ap_vld -into $return_group -color #ffff00 -radix hex
## add_wave /apatb_myproject_top/AESL_inst_myproject/layer4_out_98_ap_vld -into $return_group -color #ffff00 -radix hex
## add_wave /apatb_myproject_top/AESL_inst_myproject/layer4_out_97_ap_vld -into $return_group -color #ffff00 -radix hex
## add_wave /apatb_myproject_top/AESL_inst_myproject/layer4_out_96_ap_vld -into $return_group -color #ffff00 -radix hex
## add_wave /apatb_myproject_top/AESL_inst_myproject/layer4_out_95_ap_vld -into $return_group -color #ffff00 -radix hex
## add_wave /apatb_myproject_top/AESL_inst_myproject/layer4_out_94_ap_vld -into $return_group -color #ffff00 -radix hex
## add_wave /apatb_myproject_top/AESL_inst_myproject/layer4_out_93_ap_vld -into $return_group -color #ffff00 -radix hex
## add_wave /apatb_myproject_top/AESL_inst_myproject/layer4_out_92_ap_vld -into $return_group -color #ffff00 -radix hex
## add_wave /apatb_myproject_top/AESL_inst_myproject/layer4_out_91_ap_vld -into $return_group -color #ffff00 -radix hex
## add_wave /apatb_myproject_top/AESL_inst_myproject/layer4_out_90_ap_vld -into $return_group -color #ffff00 -radix hex
## add_wave /apatb_myproject_top/AESL_inst_myproject/layer4_out_89_ap_vld -into $return_group -color #ffff00 -radix hex
## add_wave /apatb_myproject_top/AESL_inst_myproject/layer4_out_88_ap_vld -into $return_group -color #ffff00 -radix hex
## add_wave /apatb_myproject_top/AESL_inst_myproject/layer4_out_87_ap_vld -into $return_group -color #ffff00 -radix hex
## add_wave /apatb_myproject_top/AESL_inst_myproject/layer4_out_86_ap_vld -into $return_group -color #ffff00 -radix hex
## add_wave /apatb_myproject_top/AESL_inst_myproject/layer4_out_85_ap_vld -into $return_group -color #ffff00 -radix hex
## add_wave /apatb_myproject_top/AESL_inst_myproject/layer4_out_84_ap_vld -into $return_group -color #ffff00 -radix hex
## add_wave /apatb_myproject_top/AESL_inst_myproject/layer4_out_83_ap_vld -into $return_group -color #ffff00 -radix hex
## add_wave /apatb_myproject_top/AESL_inst_myproject/layer4_out_82_ap_vld -into $return_group -color #ffff00 -radix hex
## add_wave /apatb_myproject_top/AESL_inst_myproject/layer4_out_81_ap_vld -into $return_group -color #ffff00 -radix hex
## add_wave /apatb_myproject_top/AESL_inst_myproject/layer4_out_80_ap_vld -into $return_group -color #ffff00 -radix hex
## add_wave /apatb_myproject_top/AESL_inst_myproject/layer4_out_79_ap_vld -into $return_group -color #ffff00 -radix hex
## add_wave /apatb_myproject_top/AESL_inst_myproject/layer4_out_78_ap_vld -into $return_group -color #ffff00 -radix hex
## add_wave /apatb_myproject_top/AESL_inst_myproject/layer4_out_77_ap_vld -into $return_group -color #ffff00 -radix hex
## add_wave /apatb_myproject_top/AESL_inst_myproject/layer4_out_76_ap_vld -into $return_group -color #ffff00 -radix hex
## add_wave /apatb_myproject_top/AESL_inst_myproject/layer4_out_75_ap_vld -into $return_group -color #ffff00 -radix hex
## add_wave /apatb_myproject_top/AESL_inst_myproject/layer4_out_74_ap_vld -into $return_group -color #ffff00 -radix hex
## add_wave /apatb_myproject_top/AESL_inst_myproject/layer4_out_73_ap_vld -into $return_group -color #ffff00 -radix hex
## add_wave /apatb_myproject_top/AESL_inst_myproject/layer4_out_72_ap_vld -into $return_group -color #ffff00 -radix hex
## add_wave /apatb_myproject_top/AESL_inst_myproject/layer4_out_71_ap_vld -into $return_group -color #ffff00 -radix hex
## add_wave /apatb_myproject_top/AESL_inst_myproject/layer4_out_70_ap_vld -into $return_group -color #ffff00 -radix hex
## add_wave /apatb_myproject_top/AESL_inst_myproject/layer4_out_69_ap_vld -into $return_group -color #ffff00 -radix hex
## add_wave /apatb_myproject_top/AESL_inst_myproject/layer4_out_68_ap_vld -into $return_group -color #ffff00 -radix hex
## add_wave /apatb_myproject_top/AESL_inst_myproject/layer4_out_67_ap_vld -into $return_group -color #ffff00 -radix hex
## add_wave /apatb_myproject_top/AESL_inst_myproject/layer4_out_66_ap_vld -into $return_group -color #ffff00 -radix hex
## add_wave /apatb_myproject_top/AESL_inst_myproject/layer4_out_65_ap_vld -into $return_group -color #ffff00 -radix hex
## add_wave /apatb_myproject_top/AESL_inst_myproject/layer4_out_64_ap_vld -into $return_group -color #ffff00 -radix hex
## add_wave /apatb_myproject_top/AESL_inst_myproject/layer4_out_63_ap_vld -into $return_group -color #ffff00 -radix hex
## add_wave /apatb_myproject_top/AESL_inst_myproject/layer4_out_62_ap_vld -into $return_group -color #ffff00 -radix hex
## add_wave /apatb_myproject_top/AESL_inst_myproject/layer4_out_61_ap_vld -into $return_group -color #ffff00 -radix hex
## add_wave /apatb_myproject_top/AESL_inst_myproject/layer4_out_60_ap_vld -into $return_group -color #ffff00 -radix hex
## add_wave /apatb_myproject_top/AESL_inst_myproject/layer4_out_59_ap_vld -into $return_group -color #ffff00 -radix hex
## add_wave /apatb_myproject_top/AESL_inst_myproject/layer4_out_58_ap_vld -into $return_group -color #ffff00 -radix hex
## add_wave /apatb_myproject_top/AESL_inst_myproject/layer4_out_57_ap_vld -into $return_group -color #ffff00 -radix hex
## add_wave /apatb_myproject_top/AESL_inst_myproject/layer4_out_56_ap_vld -into $return_group -color #ffff00 -radix hex
## add_wave /apatb_myproject_top/AESL_inst_myproject/layer4_out_55_ap_vld -into $return_group -color #ffff00 -radix hex
## add_wave /apatb_myproject_top/AESL_inst_myproject/layer4_out_54_ap_vld -into $return_group -color #ffff00 -radix hex
## add_wave /apatb_myproject_top/AESL_inst_myproject/layer4_out_53_ap_vld -into $return_group -color #ffff00 -radix hex
## add_wave /apatb_myproject_top/AESL_inst_myproject/layer4_out_52_ap_vld -into $return_group -color #ffff00 -radix hex
## add_wave /apatb_myproject_top/AESL_inst_myproject/layer4_out_51_ap_vld -into $return_group -color #ffff00 -radix hex
## add_wave /apatb_myproject_top/AESL_inst_myproject/layer4_out_50_ap_vld -into $return_group -color #ffff00 -radix hex
## add_wave /apatb_myproject_top/AESL_inst_myproject/layer4_out_49_ap_vld -into $return_group -color #ffff00 -radix hex
## add_wave /apatb_myproject_top/AESL_inst_myproject/layer4_out_48_ap_vld -into $return_group -color #ffff00 -radix hex
## add_wave /apatb_myproject_top/AESL_inst_myproject/layer4_out_47_ap_vld -into $return_group -color #ffff00 -radix hex
## add_wave /apatb_myproject_top/AESL_inst_myproject/layer4_out_46_ap_vld -into $return_group -color #ffff00 -radix hex
## add_wave /apatb_myproject_top/AESL_inst_myproject/layer4_out_45_ap_vld -into $return_group -color #ffff00 -radix hex
## add_wave /apatb_myproject_top/AESL_inst_myproject/layer4_out_44_ap_vld -into $return_group -color #ffff00 -radix hex
## add_wave /apatb_myproject_top/AESL_inst_myproject/layer4_out_43_ap_vld -into $return_group -color #ffff00 -radix hex
## add_wave /apatb_myproject_top/AESL_inst_myproject/layer4_out_42_ap_vld -into $return_group -color #ffff00 -radix hex
## add_wave /apatb_myproject_top/AESL_inst_myproject/layer4_out_41_ap_vld -into $return_group -color #ffff00 -radix hex
## add_wave /apatb_myproject_top/AESL_inst_myproject/layer4_out_40_ap_vld -into $return_group -color #ffff00 -radix hex
## add_wave /apatb_myproject_top/AESL_inst_myproject/layer4_out_39_ap_vld -into $return_group -color #ffff00 -radix hex
## add_wave /apatb_myproject_top/AESL_inst_myproject/layer4_out_38_ap_vld -into $return_group -color #ffff00 -radix hex
## add_wave /apatb_myproject_top/AESL_inst_myproject/layer4_out_37_ap_vld -into $return_group -color #ffff00 -radix hex
## add_wave /apatb_myproject_top/AESL_inst_myproject/layer4_out_36_ap_vld -into $return_group -color #ffff00 -radix hex
## add_wave /apatb_myproject_top/AESL_inst_myproject/layer4_out_35_ap_vld -into $return_group -color #ffff00 -radix hex
## add_wave /apatb_myproject_top/AESL_inst_myproject/layer4_out_34_ap_vld -into $return_group -color #ffff00 -radix hex
## add_wave /apatb_myproject_top/AESL_inst_myproject/layer4_out_33_ap_vld -into $return_group -color #ffff00 -radix hex
## add_wave /apatb_myproject_top/AESL_inst_myproject/layer4_out_32_ap_vld -into $return_group -color #ffff00 -radix hex
## add_wave /apatb_myproject_top/AESL_inst_myproject/layer4_out_31_ap_vld -into $return_group -color #ffff00 -radix hex
## add_wave /apatb_myproject_top/AESL_inst_myproject/layer4_out_30_ap_vld -into $return_group -color #ffff00 -radix hex
## add_wave /apatb_myproject_top/AESL_inst_myproject/layer4_out_29_ap_vld -into $return_group -color #ffff00 -radix hex
## add_wave /apatb_myproject_top/AESL_inst_myproject/layer4_out_28_ap_vld -into $return_group -color #ffff00 -radix hex
## add_wave /apatb_myproject_top/AESL_inst_myproject/layer4_out_27_ap_vld -into $return_group -color #ffff00 -radix hex
## add_wave /apatb_myproject_top/AESL_inst_myproject/layer4_out_26_ap_vld -into $return_group -color #ffff00 -radix hex
## add_wave /apatb_myproject_top/AESL_inst_myproject/layer4_out_25_ap_vld -into $return_group -color #ffff00 -radix hex
## add_wave /apatb_myproject_top/AESL_inst_myproject/layer4_out_24_ap_vld -into $return_group -color #ffff00 -radix hex
## add_wave /apatb_myproject_top/AESL_inst_myproject/layer4_out_23_ap_vld -into $return_group -color #ffff00 -radix hex
## add_wave /apatb_myproject_top/AESL_inst_myproject/layer4_out_22_ap_vld -into $return_group -color #ffff00 -radix hex
## add_wave /apatb_myproject_top/AESL_inst_myproject/layer4_out_21_ap_vld -into $return_group -color #ffff00 -radix hex
## add_wave /apatb_myproject_top/AESL_inst_myproject/layer4_out_20_ap_vld -into $return_group -color #ffff00 -radix hex
## add_wave /apatb_myproject_top/AESL_inst_myproject/layer4_out_19_ap_vld -into $return_group -color #ffff00 -radix hex
## add_wave /apatb_myproject_top/AESL_inst_myproject/layer4_out_18_ap_vld -into $return_group -color #ffff00 -radix hex
## add_wave /apatb_myproject_top/AESL_inst_myproject/layer4_out_17_ap_vld -into $return_group -color #ffff00 -radix hex
## add_wave /apatb_myproject_top/AESL_inst_myproject/layer4_out_16_ap_vld -into $return_group -color #ffff00 -radix hex
## add_wave /apatb_myproject_top/AESL_inst_myproject/layer4_out_15_ap_vld -into $return_group -color #ffff00 -radix hex
## add_wave /apatb_myproject_top/AESL_inst_myproject/layer4_out_14_ap_vld -into $return_group -color #ffff00 -radix hex
## add_wave /apatb_myproject_top/AESL_inst_myproject/layer4_out_13_ap_vld -into $return_group -color #ffff00 -radix hex
## add_wave /apatb_myproject_top/AESL_inst_myproject/layer4_out_12_ap_vld -into $return_group -color #ffff00 -radix hex
## add_wave /apatb_myproject_top/AESL_inst_myproject/layer4_out_11_ap_vld -into $return_group -color #ffff00 -radix hex
## add_wave /apatb_myproject_top/AESL_inst_myproject/layer4_out_10_ap_vld -into $return_group -color #ffff00 -radix hex
## add_wave /apatb_myproject_top/AESL_inst_myproject/layer4_out_9_ap_vld -into $return_group -color #ffff00 -radix hex
## add_wave /apatb_myproject_top/AESL_inst_myproject/layer4_out_8_ap_vld -into $return_group -color #ffff00 -radix hex
## add_wave /apatb_myproject_top/AESL_inst_myproject/layer4_out_7_ap_vld -into $return_group -color #ffff00 -radix hex
## add_wave /apatb_myproject_top/AESL_inst_myproject/layer4_out_6_ap_vld -into $return_group -color #ffff00 -radix hex
## add_wave /apatb_myproject_top/AESL_inst_myproject/layer4_out_5_ap_vld -into $return_group -color #ffff00 -radix hex
## add_wave /apatb_myproject_top/AESL_inst_myproject/layer4_out_4_ap_vld -into $return_group -color #ffff00 -radix hex
## add_wave /apatb_myproject_top/AESL_inst_myproject/layer4_out_3_ap_vld -into $return_group -color #ffff00 -radix hex
## add_wave /apatb_myproject_top/AESL_inst_myproject/layer4_out_2_ap_vld -into $return_group -color #ffff00 -radix hex
## add_wave /apatb_myproject_top/AESL_inst_myproject/layer4_out_1_ap_vld -into $return_group -color #ffff00 -radix hex
## add_wave /apatb_myproject_top/AESL_inst_myproject/layer4_out_0_ap_vld -into $return_group -color #ffff00 -radix hex
## add_wave /apatb_myproject_top/AESL_inst_myproject/layer4_out_255 -into $return_group -radix hex
## add_wave /apatb_myproject_top/AESL_inst_myproject/layer4_out_254 -into $return_group -radix hex
## add_wave /apatb_myproject_top/AESL_inst_myproject/layer4_out_253 -into $return_group -radix hex
## add_wave /apatb_myproject_top/AESL_inst_myproject/layer4_out_252 -into $return_group -radix hex
## add_wave /apatb_myproject_top/AESL_inst_myproject/layer4_out_251 -into $return_group -radix hex
## add_wave /apatb_myproject_top/AESL_inst_myproject/layer4_out_250 -into $return_group -radix hex
## add_wave /apatb_myproject_top/AESL_inst_myproject/layer4_out_249 -into $return_group -radix hex
## add_wave /apatb_myproject_top/AESL_inst_myproject/layer4_out_248 -into $return_group -radix hex
## add_wave /apatb_myproject_top/AESL_inst_myproject/layer4_out_247 -into $return_group -radix hex
## add_wave /apatb_myproject_top/AESL_inst_myproject/layer4_out_246 -into $return_group -radix hex
## add_wave /apatb_myproject_top/AESL_inst_myproject/layer4_out_245 -into $return_group -radix hex
## add_wave /apatb_myproject_top/AESL_inst_myproject/layer4_out_244 -into $return_group -radix hex
## add_wave /apatb_myproject_top/AESL_inst_myproject/layer4_out_243 -into $return_group -radix hex
## add_wave /apatb_myproject_top/AESL_inst_myproject/layer4_out_242 -into $return_group -radix hex
## add_wave /apatb_myproject_top/AESL_inst_myproject/layer4_out_241 -into $return_group -radix hex
## add_wave /apatb_myproject_top/AESL_inst_myproject/layer4_out_240 -into $return_group -radix hex
## add_wave /apatb_myproject_top/AESL_inst_myproject/layer4_out_239 -into $return_group -radix hex
## add_wave /apatb_myproject_top/AESL_inst_myproject/layer4_out_238 -into $return_group -radix hex
## add_wave /apatb_myproject_top/AESL_inst_myproject/layer4_out_237 -into $return_group -radix hex
## add_wave /apatb_myproject_top/AESL_inst_myproject/layer4_out_236 -into $return_group -radix hex
## add_wave /apatb_myproject_top/AESL_inst_myproject/layer4_out_235 -into $return_group -radix hex
## add_wave /apatb_myproject_top/AESL_inst_myproject/layer4_out_234 -into $return_group -radix hex
## add_wave /apatb_myproject_top/AESL_inst_myproject/layer4_out_233 -into $return_group -radix hex
## add_wave /apatb_myproject_top/AESL_inst_myproject/layer4_out_232 -into $return_group -radix hex
## add_wave /apatb_myproject_top/AESL_inst_myproject/layer4_out_231 -into $return_group -radix hex
## add_wave /apatb_myproject_top/AESL_inst_myproject/layer4_out_230 -into $return_group -radix hex
## add_wave /apatb_myproject_top/AESL_inst_myproject/layer4_out_229 -into $return_group -radix hex
## add_wave /apatb_myproject_top/AESL_inst_myproject/layer4_out_228 -into $return_group -radix hex
## add_wave /apatb_myproject_top/AESL_inst_myproject/layer4_out_227 -into $return_group -radix hex
## add_wave /apatb_myproject_top/AESL_inst_myproject/layer4_out_226 -into $return_group -radix hex
## add_wave /apatb_myproject_top/AESL_inst_myproject/layer4_out_225 -into $return_group -radix hex
## add_wave /apatb_myproject_top/AESL_inst_myproject/layer4_out_224 -into $return_group -radix hex
## add_wave /apatb_myproject_top/AESL_inst_myproject/layer4_out_223 -into $return_group -radix hex
## add_wave /apatb_myproject_top/AESL_inst_myproject/layer4_out_222 -into $return_group -radix hex
## add_wave /apatb_myproject_top/AESL_inst_myproject/layer4_out_221 -into $return_group -radix hex
## add_wave /apatb_myproject_top/AESL_inst_myproject/layer4_out_220 -into $return_group -radix hex
## add_wave /apatb_myproject_top/AESL_inst_myproject/layer4_out_219 -into $return_group -radix hex
## add_wave /apatb_myproject_top/AESL_inst_myproject/layer4_out_218 -into $return_group -radix hex
## add_wave /apatb_myproject_top/AESL_inst_myproject/layer4_out_217 -into $return_group -radix hex
## add_wave /apatb_myproject_top/AESL_inst_myproject/layer4_out_216 -into $return_group -radix hex
## add_wave /apatb_myproject_top/AESL_inst_myproject/layer4_out_215 -into $return_group -radix hex
## add_wave /apatb_myproject_top/AESL_inst_myproject/layer4_out_214 -into $return_group -radix hex
## add_wave /apatb_myproject_top/AESL_inst_myproject/layer4_out_213 -into $return_group -radix hex
## add_wave /apatb_myproject_top/AESL_inst_myproject/layer4_out_212 -into $return_group -radix hex
## add_wave /apatb_myproject_top/AESL_inst_myproject/layer4_out_211 -into $return_group -radix hex
## add_wave /apatb_myproject_top/AESL_inst_myproject/layer4_out_210 -into $return_group -radix hex
## add_wave /apatb_myproject_top/AESL_inst_myproject/layer4_out_209 -into $return_group -radix hex
## add_wave /apatb_myproject_top/AESL_inst_myproject/layer4_out_208 -into $return_group -radix hex
## add_wave /apatb_myproject_top/AESL_inst_myproject/layer4_out_207 -into $return_group -radix hex
## add_wave /apatb_myproject_top/AESL_inst_myproject/layer4_out_206 -into $return_group -radix hex
## add_wave /apatb_myproject_top/AESL_inst_myproject/layer4_out_205 -into $return_group -radix hex
## add_wave /apatb_myproject_top/AESL_inst_myproject/layer4_out_204 -into $return_group -radix hex
## add_wave /apatb_myproject_top/AESL_inst_myproject/layer4_out_203 -into $return_group -radix hex
## add_wave /apatb_myproject_top/AESL_inst_myproject/layer4_out_202 -into $return_group -radix hex
## add_wave /apatb_myproject_top/AESL_inst_myproject/layer4_out_201 -into $return_group -radix hex
## add_wave /apatb_myproject_top/AESL_inst_myproject/layer4_out_200 -into $return_group -radix hex
## add_wave /apatb_myproject_top/AESL_inst_myproject/layer4_out_199 -into $return_group -radix hex
## add_wave /apatb_myproject_top/AESL_inst_myproject/layer4_out_198 -into $return_group -radix hex
## add_wave /apatb_myproject_top/AESL_inst_myproject/layer4_out_197 -into $return_group -radix hex
## add_wave /apatb_myproject_top/AESL_inst_myproject/layer4_out_196 -into $return_group -radix hex
## add_wave /apatb_myproject_top/AESL_inst_myproject/layer4_out_195 -into $return_group -radix hex
## add_wave /apatb_myproject_top/AESL_inst_myproject/layer4_out_194 -into $return_group -radix hex
## add_wave /apatb_myproject_top/AESL_inst_myproject/layer4_out_193 -into $return_group -radix hex
## add_wave /apatb_myproject_top/AESL_inst_myproject/layer4_out_192 -into $return_group -radix hex
## add_wave /apatb_myproject_top/AESL_inst_myproject/layer4_out_191 -into $return_group -radix hex
## add_wave /apatb_myproject_top/AESL_inst_myproject/layer4_out_190 -into $return_group -radix hex
## add_wave /apatb_myproject_top/AESL_inst_myproject/layer4_out_189 -into $return_group -radix hex
## add_wave /apatb_myproject_top/AESL_inst_myproject/layer4_out_188 -into $return_group -radix hex
## add_wave /apatb_myproject_top/AESL_inst_myproject/layer4_out_187 -into $return_group -radix hex
## add_wave /apatb_myproject_top/AESL_inst_myproject/layer4_out_186 -into $return_group -radix hex
## add_wave /apatb_myproject_top/AESL_inst_myproject/layer4_out_185 -into $return_group -radix hex
## add_wave /apatb_myproject_top/AESL_inst_myproject/layer4_out_184 -into $return_group -radix hex
## add_wave /apatb_myproject_top/AESL_inst_myproject/layer4_out_183 -into $return_group -radix hex
## add_wave /apatb_myproject_top/AESL_inst_myproject/layer4_out_182 -into $return_group -radix hex
## add_wave /apatb_myproject_top/AESL_inst_myproject/layer4_out_181 -into $return_group -radix hex
## add_wave /apatb_myproject_top/AESL_inst_myproject/layer4_out_180 -into $return_group -radix hex
## add_wave /apatb_myproject_top/AESL_inst_myproject/layer4_out_179 -into $return_group -radix hex
## add_wave /apatb_myproject_top/AESL_inst_myproject/layer4_out_178 -into $return_group -radix hex
## add_wave /apatb_myproject_top/AESL_inst_myproject/layer4_out_177 -into $return_group -radix hex
## add_wave /apatb_myproject_top/AESL_inst_myproject/layer4_out_176 -into $return_group -radix hex
## add_wave /apatb_myproject_top/AESL_inst_myproject/layer4_out_175 -into $return_group -radix hex
## add_wave /apatb_myproject_top/AESL_inst_myproject/layer4_out_174 -into $return_group -radix hex
## add_wave /apatb_myproject_top/AESL_inst_myproject/layer4_out_173 -into $return_group -radix hex
## add_wave /apatb_myproject_top/AESL_inst_myproject/layer4_out_172 -into $return_group -radix hex
## add_wave /apatb_myproject_top/AESL_inst_myproject/layer4_out_171 -into $return_group -radix hex
## add_wave /apatb_myproject_top/AESL_inst_myproject/layer4_out_170 -into $return_group -radix hex
## add_wave /apatb_myproject_top/AESL_inst_myproject/layer4_out_169 -into $return_group -radix hex
## add_wave /apatb_myproject_top/AESL_inst_myproject/layer4_out_168 -into $return_group -radix hex
## add_wave /apatb_myproject_top/AESL_inst_myproject/layer4_out_167 -into $return_group -radix hex
## add_wave /apatb_myproject_top/AESL_inst_myproject/layer4_out_166 -into $return_group -radix hex
## add_wave /apatb_myproject_top/AESL_inst_myproject/layer4_out_165 -into $return_group -radix hex
## add_wave /apatb_myproject_top/AESL_inst_myproject/layer4_out_164 -into $return_group -radix hex
## add_wave /apatb_myproject_top/AESL_inst_myproject/layer4_out_163 -into $return_group -radix hex
## add_wave /apatb_myproject_top/AESL_inst_myproject/layer4_out_162 -into $return_group -radix hex
## add_wave /apatb_myproject_top/AESL_inst_myproject/layer4_out_161 -into $return_group -radix hex
## add_wave /apatb_myproject_top/AESL_inst_myproject/layer4_out_160 -into $return_group -radix hex
## add_wave /apatb_myproject_top/AESL_inst_myproject/layer4_out_159 -into $return_group -radix hex
## add_wave /apatb_myproject_top/AESL_inst_myproject/layer4_out_158 -into $return_group -radix hex
## add_wave /apatb_myproject_top/AESL_inst_myproject/layer4_out_157 -into $return_group -radix hex
## add_wave /apatb_myproject_top/AESL_inst_myproject/layer4_out_156 -into $return_group -radix hex
## add_wave /apatb_myproject_top/AESL_inst_myproject/layer4_out_155 -into $return_group -radix hex
## add_wave /apatb_myproject_top/AESL_inst_myproject/layer4_out_154 -into $return_group -radix hex
## add_wave /apatb_myproject_top/AESL_inst_myproject/layer4_out_153 -into $return_group -radix hex
## add_wave /apatb_myproject_top/AESL_inst_myproject/layer4_out_152 -into $return_group -radix hex
## add_wave /apatb_myproject_top/AESL_inst_myproject/layer4_out_151 -into $return_group -radix hex
## add_wave /apatb_myproject_top/AESL_inst_myproject/layer4_out_150 -into $return_group -radix hex
## add_wave /apatb_myproject_top/AESL_inst_myproject/layer4_out_149 -into $return_group -radix hex
## add_wave /apatb_myproject_top/AESL_inst_myproject/layer4_out_148 -into $return_group -radix hex
## add_wave /apatb_myproject_top/AESL_inst_myproject/layer4_out_147 -into $return_group -radix hex
## add_wave /apatb_myproject_top/AESL_inst_myproject/layer4_out_146 -into $return_group -radix hex
## add_wave /apatb_myproject_top/AESL_inst_myproject/layer4_out_145 -into $return_group -radix hex
## add_wave /apatb_myproject_top/AESL_inst_myproject/layer4_out_144 -into $return_group -radix hex
## add_wave /apatb_myproject_top/AESL_inst_myproject/layer4_out_143 -into $return_group -radix hex
## add_wave /apatb_myproject_top/AESL_inst_myproject/layer4_out_142 -into $return_group -radix hex
## add_wave /apatb_myproject_top/AESL_inst_myproject/layer4_out_141 -into $return_group -radix hex
## add_wave /apatb_myproject_top/AESL_inst_myproject/layer4_out_140 -into $return_group -radix hex
## add_wave /apatb_myproject_top/AESL_inst_myproject/layer4_out_139 -into $return_group -radix hex
## add_wave /apatb_myproject_top/AESL_inst_myproject/layer4_out_138 -into $return_group -radix hex
## add_wave /apatb_myproject_top/AESL_inst_myproject/layer4_out_137 -into $return_group -radix hex
## add_wave /apatb_myproject_top/AESL_inst_myproject/layer4_out_136 -into $return_group -radix hex
## add_wave /apatb_myproject_top/AESL_inst_myproject/layer4_out_135 -into $return_group -radix hex
## add_wave /apatb_myproject_top/AESL_inst_myproject/layer4_out_134 -into $return_group -radix hex
## add_wave /apatb_myproject_top/AESL_inst_myproject/layer4_out_133 -into $return_group -radix hex
## add_wave /apatb_myproject_top/AESL_inst_myproject/layer4_out_132 -into $return_group -radix hex
## add_wave /apatb_myproject_top/AESL_inst_myproject/layer4_out_131 -into $return_group -radix hex
## add_wave /apatb_myproject_top/AESL_inst_myproject/layer4_out_130 -into $return_group -radix hex
## add_wave /apatb_myproject_top/AESL_inst_myproject/layer4_out_129 -into $return_group -radix hex
## add_wave /apatb_myproject_top/AESL_inst_myproject/layer4_out_128 -into $return_group -radix hex
## add_wave /apatb_myproject_top/AESL_inst_myproject/layer4_out_127 -into $return_group -radix hex
## add_wave /apatb_myproject_top/AESL_inst_myproject/layer4_out_126 -into $return_group -radix hex
## add_wave /apatb_myproject_top/AESL_inst_myproject/layer4_out_125 -into $return_group -radix hex
## add_wave /apatb_myproject_top/AESL_inst_myproject/layer4_out_124 -into $return_group -radix hex
## add_wave /apatb_myproject_top/AESL_inst_myproject/layer4_out_123 -into $return_group -radix hex
## add_wave /apatb_myproject_top/AESL_inst_myproject/layer4_out_122 -into $return_group -radix hex
## add_wave /apatb_myproject_top/AESL_inst_myproject/layer4_out_121 -into $return_group -radix hex
## add_wave /apatb_myproject_top/AESL_inst_myproject/layer4_out_120 -into $return_group -radix hex
## add_wave /apatb_myproject_top/AESL_inst_myproject/layer4_out_119 -into $return_group -radix hex
## add_wave /apatb_myproject_top/AESL_inst_myproject/layer4_out_118 -into $return_group -radix hex
## add_wave /apatb_myproject_top/AESL_inst_myproject/layer4_out_117 -into $return_group -radix hex
## add_wave /apatb_myproject_top/AESL_inst_myproject/layer4_out_116 -into $return_group -radix hex
## add_wave /apatb_myproject_top/AESL_inst_myproject/layer4_out_115 -into $return_group -radix hex
## add_wave /apatb_myproject_top/AESL_inst_myproject/layer4_out_114 -into $return_group -radix hex
## add_wave /apatb_myproject_top/AESL_inst_myproject/layer4_out_113 -into $return_group -radix hex
## add_wave /apatb_myproject_top/AESL_inst_myproject/layer4_out_112 -into $return_group -radix hex
## add_wave /apatb_myproject_top/AESL_inst_myproject/layer4_out_111 -into $return_group -radix hex
## add_wave /apatb_myproject_top/AESL_inst_myproject/layer4_out_110 -into $return_group -radix hex
## add_wave /apatb_myproject_top/AESL_inst_myproject/layer4_out_109 -into $return_group -radix hex
## add_wave /apatb_myproject_top/AESL_inst_myproject/layer4_out_108 -into $return_group -radix hex
## add_wave /apatb_myproject_top/AESL_inst_myproject/layer4_out_107 -into $return_group -radix hex
## add_wave /apatb_myproject_top/AESL_inst_myproject/layer4_out_106 -into $return_group -radix hex
## add_wave /apatb_myproject_top/AESL_inst_myproject/layer4_out_105 -into $return_group -radix hex
## add_wave /apatb_myproject_top/AESL_inst_myproject/layer4_out_104 -into $return_group -radix hex
## add_wave /apatb_myproject_top/AESL_inst_myproject/layer4_out_103 -into $return_group -radix hex
## add_wave /apatb_myproject_top/AESL_inst_myproject/layer4_out_102 -into $return_group -radix hex
## add_wave /apatb_myproject_top/AESL_inst_myproject/layer4_out_101 -into $return_group -radix hex
## add_wave /apatb_myproject_top/AESL_inst_myproject/layer4_out_100 -into $return_group -radix hex
## add_wave /apatb_myproject_top/AESL_inst_myproject/layer4_out_99 -into $return_group -radix hex
## add_wave /apatb_myproject_top/AESL_inst_myproject/layer4_out_98 -into $return_group -radix hex
## add_wave /apatb_myproject_top/AESL_inst_myproject/layer4_out_97 -into $return_group -radix hex
## add_wave /apatb_myproject_top/AESL_inst_myproject/layer4_out_96 -into $return_group -radix hex
## add_wave /apatb_myproject_top/AESL_inst_myproject/layer4_out_95 -into $return_group -radix hex
## add_wave /apatb_myproject_top/AESL_inst_myproject/layer4_out_94 -into $return_group -radix hex
## add_wave /apatb_myproject_top/AESL_inst_myproject/layer4_out_93 -into $return_group -radix hex
## add_wave /apatb_myproject_top/AESL_inst_myproject/layer4_out_92 -into $return_group -radix hex
## add_wave /apatb_myproject_top/AESL_inst_myproject/layer4_out_91 -into $return_group -radix hex
## add_wave /apatb_myproject_top/AESL_inst_myproject/layer4_out_90 -into $return_group -radix hex
## add_wave /apatb_myproject_top/AESL_inst_myproject/layer4_out_89 -into $return_group -radix hex
## add_wave /apatb_myproject_top/AESL_inst_myproject/layer4_out_88 -into $return_group -radix hex
## add_wave /apatb_myproject_top/AESL_inst_myproject/layer4_out_87 -into $return_group -radix hex
## add_wave /apatb_myproject_top/AESL_inst_myproject/layer4_out_86 -into $return_group -radix hex
## add_wave /apatb_myproject_top/AESL_inst_myproject/layer4_out_85 -into $return_group -radix hex
## add_wave /apatb_myproject_top/AESL_inst_myproject/layer4_out_84 -into $return_group -radix hex
## add_wave /apatb_myproject_top/AESL_inst_myproject/layer4_out_83 -into $return_group -radix hex
## add_wave /apatb_myproject_top/AESL_inst_myproject/layer4_out_82 -into $return_group -radix hex
## add_wave /apatb_myproject_top/AESL_inst_myproject/layer4_out_81 -into $return_group -radix hex
## add_wave /apatb_myproject_top/AESL_inst_myproject/layer4_out_80 -into $return_group -radix hex
## add_wave /apatb_myproject_top/AESL_inst_myproject/layer4_out_79 -into $return_group -radix hex
## add_wave /apatb_myproject_top/AESL_inst_myproject/layer4_out_78 -into $return_group -radix hex
## add_wave /apatb_myproject_top/AESL_inst_myproject/layer4_out_77 -into $return_group -radix hex
## add_wave /apatb_myproject_top/AESL_inst_myproject/layer4_out_76 -into $return_group -radix hex
## add_wave /apatb_myproject_top/AESL_inst_myproject/layer4_out_75 -into $return_group -radix hex
## add_wave /apatb_myproject_top/AESL_inst_myproject/layer4_out_74 -into $return_group -radix hex
## add_wave /apatb_myproject_top/AESL_inst_myproject/layer4_out_73 -into $return_group -radix hex
## add_wave /apatb_myproject_top/AESL_inst_myproject/layer4_out_72 -into $return_group -radix hex
## add_wave /apatb_myproject_top/AESL_inst_myproject/layer4_out_71 -into $return_group -radix hex
## add_wave /apatb_myproject_top/AESL_inst_myproject/layer4_out_70 -into $return_group -radix hex
## add_wave /apatb_myproject_top/AESL_inst_myproject/layer4_out_69 -into $return_group -radix hex
## add_wave /apatb_myproject_top/AESL_inst_myproject/layer4_out_68 -into $return_group -radix hex
## add_wave /apatb_myproject_top/AESL_inst_myproject/layer4_out_67 -into $return_group -radix hex
## add_wave /apatb_myproject_top/AESL_inst_myproject/layer4_out_66 -into $return_group -radix hex
## add_wave /apatb_myproject_top/AESL_inst_myproject/layer4_out_65 -into $return_group -radix hex
## add_wave /apatb_myproject_top/AESL_inst_myproject/layer4_out_64 -into $return_group -radix hex
## add_wave /apatb_myproject_top/AESL_inst_myproject/layer4_out_63 -into $return_group -radix hex
## add_wave /apatb_myproject_top/AESL_inst_myproject/layer4_out_62 -into $return_group -radix hex
## add_wave /apatb_myproject_top/AESL_inst_myproject/layer4_out_61 -into $return_group -radix hex
## add_wave /apatb_myproject_top/AESL_inst_myproject/layer4_out_60 -into $return_group -radix hex
## add_wave /apatb_myproject_top/AESL_inst_myproject/layer4_out_59 -into $return_group -radix hex
## add_wave /apatb_myproject_top/AESL_inst_myproject/layer4_out_58 -into $return_group -radix hex
## add_wave /apatb_myproject_top/AESL_inst_myproject/layer4_out_57 -into $return_group -radix hex
## add_wave /apatb_myproject_top/AESL_inst_myproject/layer4_out_56 -into $return_group -radix hex
## add_wave /apatb_myproject_top/AESL_inst_myproject/layer4_out_55 -into $return_group -radix hex
## add_wave /apatb_myproject_top/AESL_inst_myproject/layer4_out_54 -into $return_group -radix hex
## add_wave /apatb_myproject_top/AESL_inst_myproject/layer4_out_53 -into $return_group -radix hex
## add_wave /apatb_myproject_top/AESL_inst_myproject/layer4_out_52 -into $return_group -radix hex
## add_wave /apatb_myproject_top/AESL_inst_myproject/layer4_out_51 -into $return_group -radix hex
## add_wave /apatb_myproject_top/AESL_inst_myproject/layer4_out_50 -into $return_group -radix hex
## add_wave /apatb_myproject_top/AESL_inst_myproject/layer4_out_49 -into $return_group -radix hex
## add_wave /apatb_myproject_top/AESL_inst_myproject/layer4_out_48 -into $return_group -radix hex
## add_wave /apatb_myproject_top/AESL_inst_myproject/layer4_out_47 -into $return_group -radix hex
## add_wave /apatb_myproject_top/AESL_inst_myproject/layer4_out_46 -into $return_group -radix hex
## add_wave /apatb_myproject_top/AESL_inst_myproject/layer4_out_45 -into $return_group -radix hex
## add_wave /apatb_myproject_top/AESL_inst_myproject/layer4_out_44 -into $return_group -radix hex
## add_wave /apatb_myproject_top/AESL_inst_myproject/layer4_out_43 -into $return_group -radix hex
## add_wave /apatb_myproject_top/AESL_inst_myproject/layer4_out_42 -into $return_group -radix hex
## add_wave /apatb_myproject_top/AESL_inst_myproject/layer4_out_41 -into $return_group -radix hex
## add_wave /apatb_myproject_top/AESL_inst_myproject/layer4_out_40 -into $return_group -radix hex
## add_wave /apatb_myproject_top/AESL_inst_myproject/layer4_out_39 -into $return_group -radix hex
## add_wave /apatb_myproject_top/AESL_inst_myproject/layer4_out_38 -into $return_group -radix hex
## add_wave /apatb_myproject_top/AESL_inst_myproject/layer4_out_37 -into $return_group -radix hex
## add_wave /apatb_myproject_top/AESL_inst_myproject/layer4_out_36 -into $return_group -radix hex
## add_wave /apatb_myproject_top/AESL_inst_myproject/layer4_out_35 -into $return_group -radix hex
## add_wave /apatb_myproject_top/AESL_inst_myproject/layer4_out_34 -into $return_group -radix hex
## add_wave /apatb_myproject_top/AESL_inst_myproject/layer4_out_33 -into $return_group -radix hex
## add_wave /apatb_myproject_top/AESL_inst_myproject/layer4_out_32 -into $return_group -radix hex
## add_wave /apatb_myproject_top/AESL_inst_myproject/layer4_out_31 -into $return_group -radix hex
## add_wave /apatb_myproject_top/AESL_inst_myproject/layer4_out_30 -into $return_group -radix hex
## add_wave /apatb_myproject_top/AESL_inst_myproject/layer4_out_29 -into $return_group -radix hex
## add_wave /apatb_myproject_top/AESL_inst_myproject/layer4_out_28 -into $return_group -radix hex
## add_wave /apatb_myproject_top/AESL_inst_myproject/layer4_out_27 -into $return_group -radix hex
## add_wave /apatb_myproject_top/AESL_inst_myproject/layer4_out_26 -into $return_group -radix hex
## add_wave /apatb_myproject_top/AESL_inst_myproject/layer4_out_25 -into $return_group -radix hex
## add_wave /apatb_myproject_top/AESL_inst_myproject/layer4_out_24 -into $return_group -radix hex
## add_wave /apatb_myproject_top/AESL_inst_myproject/layer4_out_23 -into $return_group -radix hex
## add_wave /apatb_myproject_top/AESL_inst_myproject/layer4_out_22 -into $return_group -radix hex
## add_wave /apatb_myproject_top/AESL_inst_myproject/layer4_out_21 -into $return_group -radix hex
## add_wave /apatb_myproject_top/AESL_inst_myproject/layer4_out_20 -into $return_group -radix hex
## add_wave /apatb_myproject_top/AESL_inst_myproject/layer4_out_19 -into $return_group -radix hex
## add_wave /apatb_myproject_top/AESL_inst_myproject/layer4_out_18 -into $return_group -radix hex
## add_wave /apatb_myproject_top/AESL_inst_myproject/layer4_out_17 -into $return_group -radix hex
## add_wave /apatb_myproject_top/AESL_inst_myproject/layer4_out_16 -into $return_group -radix hex
## add_wave /apatb_myproject_top/AESL_inst_myproject/layer4_out_15 -into $return_group -radix hex
## add_wave /apatb_myproject_top/AESL_inst_myproject/layer4_out_14 -into $return_group -radix hex
## add_wave /apatb_myproject_top/AESL_inst_myproject/layer4_out_13 -into $return_group -radix hex
## add_wave /apatb_myproject_top/AESL_inst_myproject/layer4_out_12 -into $return_group -radix hex
## add_wave /apatb_myproject_top/AESL_inst_myproject/layer4_out_11 -into $return_group -radix hex
## add_wave /apatb_myproject_top/AESL_inst_myproject/layer4_out_10 -into $return_group -radix hex
## add_wave /apatb_myproject_top/AESL_inst_myproject/layer4_out_9 -into $return_group -radix hex
## add_wave /apatb_myproject_top/AESL_inst_myproject/layer4_out_8 -into $return_group -radix hex
## add_wave /apatb_myproject_top/AESL_inst_myproject/layer4_out_7 -into $return_group -radix hex
## add_wave /apatb_myproject_top/AESL_inst_myproject/layer4_out_6 -into $return_group -radix hex
## add_wave /apatb_myproject_top/AESL_inst_myproject/layer4_out_5 -into $return_group -radix hex
## add_wave /apatb_myproject_top/AESL_inst_myproject/layer4_out_4 -into $return_group -radix hex
## add_wave /apatb_myproject_top/AESL_inst_myproject/layer4_out_3 -into $return_group -radix hex
## add_wave /apatb_myproject_top/AESL_inst_myproject/layer4_out_2 -into $return_group -radix hex
## add_wave /apatb_myproject_top/AESL_inst_myproject/layer4_out_1 -into $return_group -radix hex
## add_wave /apatb_myproject_top/AESL_inst_myproject/layer4_out_0 -into $return_group -radix hex
## set cinputgroup [add_wave_group "C Inputs" -into $designtopgroup]
## set return_group [add_wave_group return(wire) -into $cinputgroup]
## add_wave /apatb_myproject_top/AESL_inst_myproject/inp_ap_vld -into $return_group -color #ffff00 -radix hex
## add_wave /apatb_myproject_top/AESL_inst_myproject/inp -into $return_group -radix hex
## set blocksiggroup [add_wave_group "Block-level IO Handshake" -into $designtopgroup]
## add_wave /apatb_myproject_top/AESL_inst_myproject/ap_start -into $blocksiggroup
## add_wave /apatb_myproject_top/AESL_inst_myproject/ap_done -into $blocksiggroup
## add_wave /apatb_myproject_top/AESL_inst_myproject/ap_ready -into $blocksiggroup
## add_wave /apatb_myproject_top/AESL_inst_myproject/ap_idle -into $blocksiggroup
## set resetgroup [add_wave_group "Reset" -into $designtopgroup]
## add_wave /apatb_myproject_top/AESL_inst_myproject/ap_rst -into $resetgroup
## set clockgroup [add_wave_group "Clock" -into $designtopgroup]
## add_wave /apatb_myproject_top/AESL_inst_myproject/ap_clk -into $clockgroup
## set testbenchgroup [add_wave_group "Test Bench Signals"]
## set tbinternalsiggroup [add_wave_group "Internal Signals" -into $testbenchgroup]
## set tb_simstatus_group [add_wave_group "Simulation Status" -into $tbinternalsiggroup]
## set tb_portdepth_group [add_wave_group "Port Depth" -into $tbinternalsiggroup]
## add_wave /apatb_myproject_top/AUTOTB_TRANSACTION_NUM -into $tb_simstatus_group -radix hex
## add_wave /apatb_myproject_top/ready_cnt -into $tb_simstatus_group -radix hex
## add_wave /apatb_myproject_top/done_cnt -into $tb_simstatus_group -radix hex
## add_wave /apatb_myproject_top/LENGTH_inp -into $tb_portdepth_group -radix hex
## add_wave /apatb_myproject_top/LENGTH_layer4_out_0 -into $tb_portdepth_group -radix hex
## add_wave /apatb_myproject_top/LENGTH_layer4_out_1 -into $tb_portdepth_group -radix hex
## add_wave /apatb_myproject_top/LENGTH_layer4_out_10 -into $tb_portdepth_group -radix hex
## add_wave /apatb_myproject_top/LENGTH_layer4_out_100 -into $tb_portdepth_group -radix hex
## add_wave /apatb_myproject_top/LENGTH_layer4_out_101 -into $tb_portdepth_group -radix hex
## add_wave /apatb_myproject_top/LENGTH_layer4_out_102 -into $tb_portdepth_group -radix hex
## add_wave /apatb_myproject_top/LENGTH_layer4_out_103 -into $tb_portdepth_group -radix hex
## add_wave /apatb_myproject_top/LENGTH_layer4_out_104 -into $tb_portdepth_group -radix hex
## add_wave /apatb_myproject_top/LENGTH_layer4_out_105 -into $tb_portdepth_group -radix hex
## add_wave /apatb_myproject_top/LENGTH_layer4_out_106 -into $tb_portdepth_group -radix hex
## add_wave /apatb_myproject_top/LENGTH_layer4_out_107 -into $tb_portdepth_group -radix hex
## add_wave /apatb_myproject_top/LENGTH_layer4_out_108 -into $tb_portdepth_group -radix hex
## add_wave /apatb_myproject_top/LENGTH_layer4_out_109 -into $tb_portdepth_group -radix hex
## add_wave /apatb_myproject_top/LENGTH_layer4_out_11 -into $tb_portdepth_group -radix hex
## add_wave /apatb_myproject_top/LENGTH_layer4_out_110 -into $tb_portdepth_group -radix hex
## add_wave /apatb_myproject_top/LENGTH_layer4_out_111 -into $tb_portdepth_group -radix hex
## add_wave /apatb_myproject_top/LENGTH_layer4_out_112 -into $tb_portdepth_group -radix hex
## add_wave /apatb_myproject_top/LENGTH_layer4_out_113 -into $tb_portdepth_group -radix hex
## add_wave /apatb_myproject_top/LENGTH_layer4_out_114 -into $tb_portdepth_group -radix hex
## add_wave /apatb_myproject_top/LENGTH_layer4_out_115 -into $tb_portdepth_group -radix hex
## add_wave /apatb_myproject_top/LENGTH_layer4_out_116 -into $tb_portdepth_group -radix hex
## add_wave /apatb_myproject_top/LENGTH_layer4_out_117 -into $tb_portdepth_group -radix hex
## add_wave /apatb_myproject_top/LENGTH_layer4_out_118 -into $tb_portdepth_group -radix hex
## add_wave /apatb_myproject_top/LENGTH_layer4_out_119 -into $tb_portdepth_group -radix hex
## add_wave /apatb_myproject_top/LENGTH_layer4_out_12 -into $tb_portdepth_group -radix hex
## add_wave /apatb_myproject_top/LENGTH_layer4_out_120 -into $tb_portdepth_group -radix hex
## add_wave /apatb_myproject_top/LENGTH_layer4_out_121 -into $tb_portdepth_group -radix hex
## add_wave /apatb_myproject_top/LENGTH_layer4_out_122 -into $tb_portdepth_group -radix hex
## add_wave /apatb_myproject_top/LENGTH_layer4_out_123 -into $tb_portdepth_group -radix hex
## add_wave /apatb_myproject_top/LENGTH_layer4_out_124 -into $tb_portdepth_group -radix hex
## add_wave /apatb_myproject_top/LENGTH_layer4_out_125 -into $tb_portdepth_group -radix hex
## add_wave /apatb_myproject_top/LENGTH_layer4_out_126 -into $tb_portdepth_group -radix hex
## add_wave /apatb_myproject_top/LENGTH_layer4_out_127 -into $tb_portdepth_group -radix hex
## add_wave /apatb_myproject_top/LENGTH_layer4_out_128 -into $tb_portdepth_group -radix hex
## add_wave /apatb_myproject_top/LENGTH_layer4_out_129 -into $tb_portdepth_group -radix hex
## add_wave /apatb_myproject_top/LENGTH_layer4_out_13 -into $tb_portdepth_group -radix hex
## add_wave /apatb_myproject_top/LENGTH_layer4_out_130 -into $tb_portdepth_group -radix hex
## add_wave /apatb_myproject_top/LENGTH_layer4_out_131 -into $tb_portdepth_group -radix hex
## add_wave /apatb_myproject_top/LENGTH_layer4_out_132 -into $tb_portdepth_group -radix hex
## add_wave /apatb_myproject_top/LENGTH_layer4_out_133 -into $tb_portdepth_group -radix hex
## add_wave /apatb_myproject_top/LENGTH_layer4_out_134 -into $tb_portdepth_group -radix hex
## add_wave /apatb_myproject_top/LENGTH_layer4_out_135 -into $tb_portdepth_group -radix hex
## add_wave /apatb_myproject_top/LENGTH_layer4_out_136 -into $tb_portdepth_group -radix hex
## add_wave /apatb_myproject_top/LENGTH_layer4_out_137 -into $tb_portdepth_group -radix hex
## add_wave /apatb_myproject_top/LENGTH_layer4_out_138 -into $tb_portdepth_group -radix hex
## add_wave /apatb_myproject_top/LENGTH_layer4_out_139 -into $tb_portdepth_group -radix hex
## add_wave /apatb_myproject_top/LENGTH_layer4_out_14 -into $tb_portdepth_group -radix hex
## add_wave /apatb_myproject_top/LENGTH_layer4_out_140 -into $tb_portdepth_group -radix hex
## add_wave /apatb_myproject_top/LENGTH_layer4_out_141 -into $tb_portdepth_group -radix hex
## add_wave /apatb_myproject_top/LENGTH_layer4_out_142 -into $tb_portdepth_group -radix hex
## add_wave /apatb_myproject_top/LENGTH_layer4_out_143 -into $tb_portdepth_group -radix hex
## add_wave /apatb_myproject_top/LENGTH_layer4_out_144 -into $tb_portdepth_group -radix hex
## add_wave /apatb_myproject_top/LENGTH_layer4_out_145 -into $tb_portdepth_group -radix hex
## add_wave /apatb_myproject_top/LENGTH_layer4_out_146 -into $tb_portdepth_group -radix hex
## add_wave /apatb_myproject_top/LENGTH_layer4_out_147 -into $tb_portdepth_group -radix hex
## add_wave /apatb_myproject_top/LENGTH_layer4_out_148 -into $tb_portdepth_group -radix hex
## add_wave /apatb_myproject_top/LENGTH_layer4_out_149 -into $tb_portdepth_group -radix hex
## add_wave /apatb_myproject_top/LENGTH_layer4_out_15 -into $tb_portdepth_group -radix hex
## add_wave /apatb_myproject_top/LENGTH_layer4_out_150 -into $tb_portdepth_group -radix hex
## add_wave /apatb_myproject_top/LENGTH_layer4_out_151 -into $tb_portdepth_group -radix hex
## add_wave /apatb_myproject_top/LENGTH_layer4_out_152 -into $tb_portdepth_group -radix hex
## add_wave /apatb_myproject_top/LENGTH_layer4_out_153 -into $tb_portdepth_group -radix hex
## add_wave /apatb_myproject_top/LENGTH_layer4_out_154 -into $tb_portdepth_group -radix hex
## add_wave /apatb_myproject_top/LENGTH_layer4_out_155 -into $tb_portdepth_group -radix hex
## add_wave /apatb_myproject_top/LENGTH_layer4_out_156 -into $tb_portdepth_group -radix hex
## add_wave /apatb_myproject_top/LENGTH_layer4_out_157 -into $tb_portdepth_group -radix hex
## add_wave /apatb_myproject_top/LENGTH_layer4_out_158 -into $tb_portdepth_group -radix hex
## add_wave /apatb_myproject_top/LENGTH_layer4_out_159 -into $tb_portdepth_group -radix hex
## add_wave /apatb_myproject_top/LENGTH_layer4_out_16 -into $tb_portdepth_group -radix hex
## add_wave /apatb_myproject_top/LENGTH_layer4_out_160 -into $tb_portdepth_group -radix hex
## add_wave /apatb_myproject_top/LENGTH_layer4_out_161 -into $tb_portdepth_group -radix hex
## add_wave /apatb_myproject_top/LENGTH_layer4_out_162 -into $tb_portdepth_group -radix hex
## add_wave /apatb_myproject_top/LENGTH_layer4_out_163 -into $tb_portdepth_group -radix hex
## add_wave /apatb_myproject_top/LENGTH_layer4_out_164 -into $tb_portdepth_group -radix hex
## add_wave /apatb_myproject_top/LENGTH_layer4_out_165 -into $tb_portdepth_group -radix hex
## add_wave /apatb_myproject_top/LENGTH_layer4_out_166 -into $tb_portdepth_group -radix hex
## add_wave /apatb_myproject_top/LENGTH_layer4_out_167 -into $tb_portdepth_group -radix hex
## add_wave /apatb_myproject_top/LENGTH_layer4_out_168 -into $tb_portdepth_group -radix hex
## add_wave /apatb_myproject_top/LENGTH_layer4_out_169 -into $tb_portdepth_group -radix hex
## add_wave /apatb_myproject_top/LENGTH_layer4_out_17 -into $tb_portdepth_group -radix hex
## add_wave /apatb_myproject_top/LENGTH_layer4_out_170 -into $tb_portdepth_group -radix hex
## add_wave /apatb_myproject_top/LENGTH_layer4_out_171 -into $tb_portdepth_group -radix hex
## add_wave /apatb_myproject_top/LENGTH_layer4_out_172 -into $tb_portdepth_group -radix hex
## add_wave /apatb_myproject_top/LENGTH_layer4_out_173 -into $tb_portdepth_group -radix hex
## add_wave /apatb_myproject_top/LENGTH_layer4_out_174 -into $tb_portdepth_group -radix hex
## add_wave /apatb_myproject_top/LENGTH_layer4_out_175 -into $tb_portdepth_group -radix hex
## add_wave /apatb_myproject_top/LENGTH_layer4_out_176 -into $tb_portdepth_group -radix hex
## add_wave /apatb_myproject_top/LENGTH_layer4_out_177 -into $tb_portdepth_group -radix hex
## add_wave /apatb_myproject_top/LENGTH_layer4_out_178 -into $tb_portdepth_group -radix hex
## add_wave /apatb_myproject_top/LENGTH_layer4_out_179 -into $tb_portdepth_group -radix hex
## add_wave /apatb_myproject_top/LENGTH_layer4_out_18 -into $tb_portdepth_group -radix hex
## add_wave /apatb_myproject_top/LENGTH_layer4_out_180 -into $tb_portdepth_group -radix hex
## add_wave /apatb_myproject_top/LENGTH_layer4_out_181 -into $tb_portdepth_group -radix hex
## add_wave /apatb_myproject_top/LENGTH_layer4_out_182 -into $tb_portdepth_group -radix hex
## add_wave /apatb_myproject_top/LENGTH_layer4_out_183 -into $tb_portdepth_group -radix hex
## add_wave /apatb_myproject_top/LENGTH_layer4_out_184 -into $tb_portdepth_group -radix hex
## add_wave /apatb_myproject_top/LENGTH_layer4_out_185 -into $tb_portdepth_group -radix hex
## add_wave /apatb_myproject_top/LENGTH_layer4_out_186 -into $tb_portdepth_group -radix hex
## add_wave /apatb_myproject_top/LENGTH_layer4_out_187 -into $tb_portdepth_group -radix hex
## add_wave /apatb_myproject_top/LENGTH_layer4_out_188 -into $tb_portdepth_group -radix hex
## add_wave /apatb_myproject_top/LENGTH_layer4_out_189 -into $tb_portdepth_group -radix hex
## add_wave /apatb_myproject_top/LENGTH_layer4_out_19 -into $tb_portdepth_group -radix hex
## add_wave /apatb_myproject_top/LENGTH_layer4_out_190 -into $tb_portdepth_group -radix hex
## add_wave /apatb_myproject_top/LENGTH_layer4_out_191 -into $tb_portdepth_group -radix hex
## add_wave /apatb_myproject_top/LENGTH_layer4_out_192 -into $tb_portdepth_group -radix hex
## add_wave /apatb_myproject_top/LENGTH_layer4_out_193 -into $tb_portdepth_group -radix hex
## add_wave /apatb_myproject_top/LENGTH_layer4_out_194 -into $tb_portdepth_group -radix hex
## add_wave /apatb_myproject_top/LENGTH_layer4_out_195 -into $tb_portdepth_group -radix hex
## add_wave /apatb_myproject_top/LENGTH_layer4_out_196 -into $tb_portdepth_group -radix hex
## add_wave /apatb_myproject_top/LENGTH_layer4_out_197 -into $tb_portdepth_group -radix hex
## add_wave /apatb_myproject_top/LENGTH_layer4_out_198 -into $tb_portdepth_group -radix hex
## add_wave /apatb_myproject_top/LENGTH_layer4_out_199 -into $tb_portdepth_group -radix hex
## add_wave /apatb_myproject_top/LENGTH_layer4_out_2 -into $tb_portdepth_group -radix hex
## add_wave /apatb_myproject_top/LENGTH_layer4_out_20 -into $tb_portdepth_group -radix hex
## add_wave /apatb_myproject_top/LENGTH_layer4_out_200 -into $tb_portdepth_group -radix hex
## add_wave /apatb_myproject_top/LENGTH_layer4_out_201 -into $tb_portdepth_group -radix hex
## add_wave /apatb_myproject_top/LENGTH_layer4_out_202 -into $tb_portdepth_group -radix hex
## add_wave /apatb_myproject_top/LENGTH_layer4_out_203 -into $tb_portdepth_group -radix hex
## add_wave /apatb_myproject_top/LENGTH_layer4_out_204 -into $tb_portdepth_group -radix hex
## add_wave /apatb_myproject_top/LENGTH_layer4_out_205 -into $tb_portdepth_group -radix hex
## add_wave /apatb_myproject_top/LENGTH_layer4_out_206 -into $tb_portdepth_group -radix hex
## add_wave /apatb_myproject_top/LENGTH_layer4_out_207 -into $tb_portdepth_group -radix hex
## add_wave /apatb_myproject_top/LENGTH_layer4_out_208 -into $tb_portdepth_group -radix hex
## add_wave /apatb_myproject_top/LENGTH_layer4_out_209 -into $tb_portdepth_group -radix hex
## add_wave /apatb_myproject_top/LENGTH_layer4_out_21 -into $tb_portdepth_group -radix hex
## add_wave /apatb_myproject_top/LENGTH_layer4_out_210 -into $tb_portdepth_group -radix hex
## add_wave /apatb_myproject_top/LENGTH_layer4_out_211 -into $tb_portdepth_group -radix hex
## add_wave /apatb_myproject_top/LENGTH_layer4_out_212 -into $tb_portdepth_group -radix hex
## add_wave /apatb_myproject_top/LENGTH_layer4_out_213 -into $tb_portdepth_group -radix hex
## add_wave /apatb_myproject_top/LENGTH_layer4_out_214 -into $tb_portdepth_group -radix hex
## add_wave /apatb_myproject_top/LENGTH_layer4_out_215 -into $tb_portdepth_group -radix hex
## add_wave /apatb_myproject_top/LENGTH_layer4_out_216 -into $tb_portdepth_group -radix hex
## add_wave /apatb_myproject_top/LENGTH_layer4_out_217 -into $tb_portdepth_group -radix hex
## add_wave /apatb_myproject_top/LENGTH_layer4_out_218 -into $tb_portdepth_group -radix hex
## add_wave /apatb_myproject_top/LENGTH_layer4_out_219 -into $tb_portdepth_group -radix hex
## add_wave /apatb_myproject_top/LENGTH_layer4_out_22 -into $tb_portdepth_group -radix hex
## add_wave /apatb_myproject_top/LENGTH_layer4_out_220 -into $tb_portdepth_group -radix hex
## add_wave /apatb_myproject_top/LENGTH_layer4_out_221 -into $tb_portdepth_group -radix hex
## add_wave /apatb_myproject_top/LENGTH_layer4_out_222 -into $tb_portdepth_group -radix hex
## add_wave /apatb_myproject_top/LENGTH_layer4_out_223 -into $tb_portdepth_group -radix hex
## add_wave /apatb_myproject_top/LENGTH_layer4_out_224 -into $tb_portdepth_group -radix hex
## add_wave /apatb_myproject_top/LENGTH_layer4_out_225 -into $tb_portdepth_group -radix hex
## add_wave /apatb_myproject_top/LENGTH_layer4_out_226 -into $tb_portdepth_group -radix hex
## add_wave /apatb_myproject_top/LENGTH_layer4_out_227 -into $tb_portdepth_group -radix hex
## add_wave /apatb_myproject_top/LENGTH_layer4_out_228 -into $tb_portdepth_group -radix hex
## add_wave /apatb_myproject_top/LENGTH_layer4_out_229 -into $tb_portdepth_group -radix hex
## add_wave /apatb_myproject_top/LENGTH_layer4_out_23 -into $tb_portdepth_group -radix hex
## add_wave /apatb_myproject_top/LENGTH_layer4_out_230 -into $tb_portdepth_group -radix hex
## add_wave /apatb_myproject_top/LENGTH_layer4_out_231 -into $tb_portdepth_group -radix hex
## add_wave /apatb_myproject_top/LENGTH_layer4_out_232 -into $tb_portdepth_group -radix hex
## add_wave /apatb_myproject_top/LENGTH_layer4_out_233 -into $tb_portdepth_group -radix hex
## add_wave /apatb_myproject_top/LENGTH_layer4_out_234 -into $tb_portdepth_group -radix hex
## add_wave /apatb_myproject_top/LENGTH_layer4_out_235 -into $tb_portdepth_group -radix hex
## add_wave /apatb_myproject_top/LENGTH_layer4_out_236 -into $tb_portdepth_group -radix hex
## add_wave /apatb_myproject_top/LENGTH_layer4_out_237 -into $tb_portdepth_group -radix hex
## add_wave /apatb_myproject_top/LENGTH_layer4_out_238 -into $tb_portdepth_group -radix hex
## add_wave /apatb_myproject_top/LENGTH_layer4_out_239 -into $tb_portdepth_group -radix hex
## add_wave /apatb_myproject_top/LENGTH_layer4_out_24 -into $tb_portdepth_group -radix hex
## add_wave /apatb_myproject_top/LENGTH_layer4_out_240 -into $tb_portdepth_group -radix hex
## add_wave /apatb_myproject_top/LENGTH_layer4_out_241 -into $tb_portdepth_group -radix hex
## add_wave /apatb_myproject_top/LENGTH_layer4_out_242 -into $tb_portdepth_group -radix hex
## add_wave /apatb_myproject_top/LENGTH_layer4_out_243 -into $tb_portdepth_group -radix hex
## add_wave /apatb_myproject_top/LENGTH_layer4_out_244 -into $tb_portdepth_group -radix hex
## add_wave /apatb_myproject_top/LENGTH_layer4_out_245 -into $tb_portdepth_group -radix hex
## add_wave /apatb_myproject_top/LENGTH_layer4_out_246 -into $tb_portdepth_group -radix hex
## add_wave /apatb_myproject_top/LENGTH_layer4_out_247 -into $tb_portdepth_group -radix hex
## add_wave /apatb_myproject_top/LENGTH_layer4_out_248 -into $tb_portdepth_group -radix hex
## add_wave /apatb_myproject_top/LENGTH_layer4_out_249 -into $tb_portdepth_group -radix hex
## add_wave /apatb_myproject_top/LENGTH_layer4_out_25 -into $tb_portdepth_group -radix hex
## add_wave /apatb_myproject_top/LENGTH_layer4_out_250 -into $tb_portdepth_group -radix hex
## add_wave /apatb_myproject_top/LENGTH_layer4_out_251 -into $tb_portdepth_group -radix hex
## add_wave /apatb_myproject_top/LENGTH_layer4_out_252 -into $tb_portdepth_group -radix hex
## add_wave /apatb_myproject_top/LENGTH_layer4_out_253 -into $tb_portdepth_group -radix hex
## add_wave /apatb_myproject_top/LENGTH_layer4_out_254 -into $tb_portdepth_group -radix hex
## add_wave /apatb_myproject_top/LENGTH_layer4_out_255 -into $tb_portdepth_group -radix hex
## add_wave /apatb_myproject_top/LENGTH_layer4_out_26 -into $tb_portdepth_group -radix hex
## add_wave /apatb_myproject_top/LENGTH_layer4_out_27 -into $tb_portdepth_group -radix hex
## add_wave /apatb_myproject_top/LENGTH_layer4_out_28 -into $tb_portdepth_group -radix hex
## add_wave /apatb_myproject_top/LENGTH_layer4_out_29 -into $tb_portdepth_group -radix hex
## add_wave /apatb_myproject_top/LENGTH_layer4_out_3 -into $tb_portdepth_group -radix hex
## add_wave /apatb_myproject_top/LENGTH_layer4_out_30 -into $tb_portdepth_group -radix hex
## add_wave /apatb_myproject_top/LENGTH_layer4_out_31 -into $tb_portdepth_group -radix hex
## add_wave /apatb_myproject_top/LENGTH_layer4_out_32 -into $tb_portdepth_group -radix hex
## add_wave /apatb_myproject_top/LENGTH_layer4_out_33 -into $tb_portdepth_group -radix hex
## add_wave /apatb_myproject_top/LENGTH_layer4_out_34 -into $tb_portdepth_group -radix hex
## add_wave /apatb_myproject_top/LENGTH_layer4_out_35 -into $tb_portdepth_group -radix hex
## add_wave /apatb_myproject_top/LENGTH_layer4_out_36 -into $tb_portdepth_group -radix hex
## add_wave /apatb_myproject_top/LENGTH_layer4_out_37 -into $tb_portdepth_group -radix hex
## add_wave /apatb_myproject_top/LENGTH_layer4_out_38 -into $tb_portdepth_group -radix hex
## add_wave /apatb_myproject_top/LENGTH_layer4_out_39 -into $tb_portdepth_group -radix hex
## add_wave /apatb_myproject_top/LENGTH_layer4_out_4 -into $tb_portdepth_group -radix hex
## add_wave /apatb_myproject_top/LENGTH_layer4_out_40 -into $tb_portdepth_group -radix hex
## add_wave /apatb_myproject_top/LENGTH_layer4_out_41 -into $tb_portdepth_group -radix hex
## add_wave /apatb_myproject_top/LENGTH_layer4_out_42 -into $tb_portdepth_group -radix hex
## add_wave /apatb_myproject_top/LENGTH_layer4_out_43 -into $tb_portdepth_group -radix hex
## add_wave /apatb_myproject_top/LENGTH_layer4_out_44 -into $tb_portdepth_group -radix hex
## add_wave /apatb_myproject_top/LENGTH_layer4_out_45 -into $tb_portdepth_group -radix hex
## add_wave /apatb_myproject_top/LENGTH_layer4_out_46 -into $tb_portdepth_group -radix hex
## add_wave /apatb_myproject_top/LENGTH_layer4_out_47 -into $tb_portdepth_group -radix hex
## add_wave /apatb_myproject_top/LENGTH_layer4_out_48 -into $tb_portdepth_group -radix hex
## add_wave /apatb_myproject_top/LENGTH_layer4_out_49 -into $tb_portdepth_group -radix hex
## add_wave /apatb_myproject_top/LENGTH_layer4_out_5 -into $tb_portdepth_group -radix hex
## add_wave /apatb_myproject_top/LENGTH_layer4_out_50 -into $tb_portdepth_group -radix hex
## add_wave /apatb_myproject_top/LENGTH_layer4_out_51 -into $tb_portdepth_group -radix hex
## add_wave /apatb_myproject_top/LENGTH_layer4_out_52 -into $tb_portdepth_group -radix hex
## add_wave /apatb_myproject_top/LENGTH_layer4_out_53 -into $tb_portdepth_group -radix hex
## add_wave /apatb_myproject_top/LENGTH_layer4_out_54 -into $tb_portdepth_group -radix hex
## add_wave /apatb_myproject_top/LENGTH_layer4_out_55 -into $tb_portdepth_group -radix hex
## add_wave /apatb_myproject_top/LENGTH_layer4_out_56 -into $tb_portdepth_group -radix hex
## add_wave /apatb_myproject_top/LENGTH_layer4_out_57 -into $tb_portdepth_group -radix hex
## add_wave /apatb_myproject_top/LENGTH_layer4_out_58 -into $tb_portdepth_group -radix hex
## add_wave /apatb_myproject_top/LENGTH_layer4_out_59 -into $tb_portdepth_group -radix hex
## add_wave /apatb_myproject_top/LENGTH_layer4_out_6 -into $tb_portdepth_group -radix hex
## add_wave /apatb_myproject_top/LENGTH_layer4_out_60 -into $tb_portdepth_group -radix hex
## add_wave /apatb_myproject_top/LENGTH_layer4_out_61 -into $tb_portdepth_group -radix hex
## add_wave /apatb_myproject_top/LENGTH_layer4_out_62 -into $tb_portdepth_group -radix hex
## add_wave /apatb_myproject_top/LENGTH_layer4_out_63 -into $tb_portdepth_group -radix hex
## add_wave /apatb_myproject_top/LENGTH_layer4_out_64 -into $tb_portdepth_group -radix hex
## add_wave /apatb_myproject_top/LENGTH_layer4_out_65 -into $tb_portdepth_group -radix hex
## add_wave /apatb_myproject_top/LENGTH_layer4_out_66 -into $tb_portdepth_group -radix hex
## add_wave /apatb_myproject_top/LENGTH_layer4_out_67 -into $tb_portdepth_group -radix hex
## add_wave /apatb_myproject_top/LENGTH_layer4_out_68 -into $tb_portdepth_group -radix hex
## add_wave /apatb_myproject_top/LENGTH_layer4_out_69 -into $tb_portdepth_group -radix hex
## add_wave /apatb_myproject_top/LENGTH_layer4_out_7 -into $tb_portdepth_group -radix hex
## add_wave /apatb_myproject_top/LENGTH_layer4_out_70 -into $tb_portdepth_group -radix hex
## add_wave /apatb_myproject_top/LENGTH_layer4_out_71 -into $tb_portdepth_group -radix hex
## add_wave /apatb_myproject_top/LENGTH_layer4_out_72 -into $tb_portdepth_group -radix hex
## add_wave /apatb_myproject_top/LENGTH_layer4_out_73 -into $tb_portdepth_group -radix hex
## add_wave /apatb_myproject_top/LENGTH_layer4_out_74 -into $tb_portdepth_group -radix hex
## add_wave /apatb_myproject_top/LENGTH_layer4_out_75 -into $tb_portdepth_group -radix hex
## add_wave /apatb_myproject_top/LENGTH_layer4_out_76 -into $tb_portdepth_group -radix hex
## add_wave /apatb_myproject_top/LENGTH_layer4_out_77 -into $tb_portdepth_group -radix hex
## add_wave /apatb_myproject_top/LENGTH_layer4_out_78 -into $tb_portdepth_group -radix hex
## add_wave /apatb_myproject_top/LENGTH_layer4_out_79 -into $tb_portdepth_group -radix hex
## add_wave /apatb_myproject_top/LENGTH_layer4_out_8 -into $tb_portdepth_group -radix hex
## add_wave /apatb_myproject_top/LENGTH_layer4_out_80 -into $tb_portdepth_group -radix hex
## add_wave /apatb_myproject_top/LENGTH_layer4_out_81 -into $tb_portdepth_group -radix hex
## add_wave /apatb_myproject_top/LENGTH_layer4_out_82 -into $tb_portdepth_group -radix hex
## add_wave /apatb_myproject_top/LENGTH_layer4_out_83 -into $tb_portdepth_group -radix hex
## add_wave /apatb_myproject_top/LENGTH_layer4_out_84 -into $tb_portdepth_group -radix hex
## add_wave /apatb_myproject_top/LENGTH_layer4_out_85 -into $tb_portdepth_group -radix hex
## add_wave /apatb_myproject_top/LENGTH_layer4_out_86 -into $tb_portdepth_group -radix hex
## add_wave /apatb_myproject_top/LENGTH_layer4_out_87 -into $tb_portdepth_group -radix hex
## add_wave /apatb_myproject_top/LENGTH_layer4_out_88 -into $tb_portdepth_group -radix hex
## add_wave /apatb_myproject_top/LENGTH_layer4_out_89 -into $tb_portdepth_group -radix hex
## add_wave /apatb_myproject_top/LENGTH_layer4_out_9 -into $tb_portdepth_group -radix hex
## add_wave /apatb_myproject_top/LENGTH_layer4_out_90 -into $tb_portdepth_group -radix hex
## add_wave /apatb_myproject_top/LENGTH_layer4_out_91 -into $tb_portdepth_group -radix hex
## add_wave /apatb_myproject_top/LENGTH_layer4_out_92 -into $tb_portdepth_group -radix hex
## add_wave /apatb_myproject_top/LENGTH_layer4_out_93 -into $tb_portdepth_group -radix hex
## add_wave /apatb_myproject_top/LENGTH_layer4_out_94 -into $tb_portdepth_group -radix hex
## add_wave /apatb_myproject_top/LENGTH_layer4_out_95 -into $tb_portdepth_group -radix hex
## add_wave /apatb_myproject_top/LENGTH_layer4_out_96 -into $tb_portdepth_group -radix hex
## add_wave /apatb_myproject_top/LENGTH_layer4_out_97 -into $tb_portdepth_group -radix hex
## add_wave /apatb_myproject_top/LENGTH_layer4_out_98 -into $tb_portdepth_group -radix hex
## add_wave /apatb_myproject_top/LENGTH_layer4_out_99 -into $tb_portdepth_group -radix hex
## set tbcoutputgroup [add_wave_group "C Outputs" -into $testbenchgroup]
## set tb_return_group [add_wave_group return(wire) -into $tbcoutputgroup]
## add_wave /apatb_myproject_top/layer4_out_255_ap_vld -into $tb_return_group -color #ffff00 -radix hex
## add_wave /apatb_myproject_top/layer4_out_254_ap_vld -into $tb_return_group -color #ffff00 -radix hex
## add_wave /apatb_myproject_top/layer4_out_253_ap_vld -into $tb_return_group -color #ffff00 -radix hex
## add_wave /apatb_myproject_top/layer4_out_252_ap_vld -into $tb_return_group -color #ffff00 -radix hex
## add_wave /apatb_myproject_top/layer4_out_251_ap_vld -into $tb_return_group -color #ffff00 -radix hex
## add_wave /apatb_myproject_top/layer4_out_250_ap_vld -into $tb_return_group -color #ffff00 -radix hex
## add_wave /apatb_myproject_top/layer4_out_249_ap_vld -into $tb_return_group -color #ffff00 -radix hex
## add_wave /apatb_myproject_top/layer4_out_248_ap_vld -into $tb_return_group -color #ffff00 -radix hex
## add_wave /apatb_myproject_top/layer4_out_247_ap_vld -into $tb_return_group -color #ffff00 -radix hex
## add_wave /apatb_myproject_top/layer4_out_246_ap_vld -into $tb_return_group -color #ffff00 -radix hex
## add_wave /apatb_myproject_top/layer4_out_245_ap_vld -into $tb_return_group -color #ffff00 -radix hex
## add_wave /apatb_myproject_top/layer4_out_244_ap_vld -into $tb_return_group -color #ffff00 -radix hex
## add_wave /apatb_myproject_top/layer4_out_243_ap_vld -into $tb_return_group -color #ffff00 -radix hex
## add_wave /apatb_myproject_top/layer4_out_242_ap_vld -into $tb_return_group -color #ffff00 -radix hex
## add_wave /apatb_myproject_top/layer4_out_241_ap_vld -into $tb_return_group -color #ffff00 -radix hex
## add_wave /apatb_myproject_top/layer4_out_240_ap_vld -into $tb_return_group -color #ffff00 -radix hex
## add_wave /apatb_myproject_top/layer4_out_239_ap_vld -into $tb_return_group -color #ffff00 -radix hex
## add_wave /apatb_myproject_top/layer4_out_238_ap_vld -into $tb_return_group -color #ffff00 -radix hex
## add_wave /apatb_myproject_top/layer4_out_237_ap_vld -into $tb_return_group -color #ffff00 -radix hex
## add_wave /apatb_myproject_top/layer4_out_236_ap_vld -into $tb_return_group -color #ffff00 -radix hex
## add_wave /apatb_myproject_top/layer4_out_235_ap_vld -into $tb_return_group -color #ffff00 -radix hex
## add_wave /apatb_myproject_top/layer4_out_234_ap_vld -into $tb_return_group -color #ffff00 -radix hex
## add_wave /apatb_myproject_top/layer4_out_233_ap_vld -into $tb_return_group -color #ffff00 -radix hex
## add_wave /apatb_myproject_top/layer4_out_232_ap_vld -into $tb_return_group -color #ffff00 -radix hex
## add_wave /apatb_myproject_top/layer4_out_231_ap_vld -into $tb_return_group -color #ffff00 -radix hex
## add_wave /apatb_myproject_top/layer4_out_230_ap_vld -into $tb_return_group -color #ffff00 -radix hex
## add_wave /apatb_myproject_top/layer4_out_229_ap_vld -into $tb_return_group -color #ffff00 -radix hex
## add_wave /apatb_myproject_top/layer4_out_228_ap_vld -into $tb_return_group -color #ffff00 -radix hex
## add_wave /apatb_myproject_top/layer4_out_227_ap_vld -into $tb_return_group -color #ffff00 -radix hex
## add_wave /apatb_myproject_top/layer4_out_226_ap_vld -into $tb_return_group -color #ffff00 -radix hex
## add_wave /apatb_myproject_top/layer4_out_225_ap_vld -into $tb_return_group -color #ffff00 -radix hex
## add_wave /apatb_myproject_top/layer4_out_224_ap_vld -into $tb_return_group -color #ffff00 -radix hex
## add_wave /apatb_myproject_top/layer4_out_223_ap_vld -into $tb_return_group -color #ffff00 -radix hex
## add_wave /apatb_myproject_top/layer4_out_222_ap_vld -into $tb_return_group -color #ffff00 -radix hex
## add_wave /apatb_myproject_top/layer4_out_221_ap_vld -into $tb_return_group -color #ffff00 -radix hex
## add_wave /apatb_myproject_top/layer4_out_220_ap_vld -into $tb_return_group -color #ffff00 -radix hex
## add_wave /apatb_myproject_top/layer4_out_219_ap_vld -into $tb_return_group -color #ffff00 -radix hex
## add_wave /apatb_myproject_top/layer4_out_218_ap_vld -into $tb_return_group -color #ffff00 -radix hex
## add_wave /apatb_myproject_top/layer4_out_217_ap_vld -into $tb_return_group -color #ffff00 -radix hex
## add_wave /apatb_myproject_top/layer4_out_216_ap_vld -into $tb_return_group -color #ffff00 -radix hex
## add_wave /apatb_myproject_top/layer4_out_215_ap_vld -into $tb_return_group -color #ffff00 -radix hex
## add_wave /apatb_myproject_top/layer4_out_214_ap_vld -into $tb_return_group -color #ffff00 -radix hex
## add_wave /apatb_myproject_top/layer4_out_213_ap_vld -into $tb_return_group -color #ffff00 -radix hex
## add_wave /apatb_myproject_top/layer4_out_212_ap_vld -into $tb_return_group -color #ffff00 -radix hex
## add_wave /apatb_myproject_top/layer4_out_211_ap_vld -into $tb_return_group -color #ffff00 -radix hex
## add_wave /apatb_myproject_top/layer4_out_210_ap_vld -into $tb_return_group -color #ffff00 -radix hex
## add_wave /apatb_myproject_top/layer4_out_209_ap_vld -into $tb_return_group -color #ffff00 -radix hex
## add_wave /apatb_myproject_top/layer4_out_208_ap_vld -into $tb_return_group -color #ffff00 -radix hex
## add_wave /apatb_myproject_top/layer4_out_207_ap_vld -into $tb_return_group -color #ffff00 -radix hex
## add_wave /apatb_myproject_top/layer4_out_206_ap_vld -into $tb_return_group -color #ffff00 -radix hex
## add_wave /apatb_myproject_top/layer4_out_205_ap_vld -into $tb_return_group -color #ffff00 -radix hex
## add_wave /apatb_myproject_top/layer4_out_204_ap_vld -into $tb_return_group -color #ffff00 -radix hex
## add_wave /apatb_myproject_top/layer4_out_203_ap_vld -into $tb_return_group -color #ffff00 -radix hex
## add_wave /apatb_myproject_top/layer4_out_202_ap_vld -into $tb_return_group -color #ffff00 -radix hex
## add_wave /apatb_myproject_top/layer4_out_201_ap_vld -into $tb_return_group -color #ffff00 -radix hex
## add_wave /apatb_myproject_top/layer4_out_200_ap_vld -into $tb_return_group -color #ffff00 -radix hex
## add_wave /apatb_myproject_top/layer4_out_199_ap_vld -into $tb_return_group -color #ffff00 -radix hex
## add_wave /apatb_myproject_top/layer4_out_198_ap_vld -into $tb_return_group -color #ffff00 -radix hex
## add_wave /apatb_myproject_top/layer4_out_197_ap_vld -into $tb_return_group -color #ffff00 -radix hex
## add_wave /apatb_myproject_top/layer4_out_196_ap_vld -into $tb_return_group -color #ffff00 -radix hex
## add_wave /apatb_myproject_top/layer4_out_195_ap_vld -into $tb_return_group -color #ffff00 -radix hex
## add_wave /apatb_myproject_top/layer4_out_194_ap_vld -into $tb_return_group -color #ffff00 -radix hex
## add_wave /apatb_myproject_top/layer4_out_193_ap_vld -into $tb_return_group -color #ffff00 -radix hex
## add_wave /apatb_myproject_top/layer4_out_192_ap_vld -into $tb_return_group -color #ffff00 -radix hex
## add_wave /apatb_myproject_top/layer4_out_191_ap_vld -into $tb_return_group -color #ffff00 -radix hex
## add_wave /apatb_myproject_top/layer4_out_190_ap_vld -into $tb_return_group -color #ffff00 -radix hex
## add_wave /apatb_myproject_top/layer4_out_189_ap_vld -into $tb_return_group -color #ffff00 -radix hex
## add_wave /apatb_myproject_top/layer4_out_188_ap_vld -into $tb_return_group -color #ffff00 -radix hex
## add_wave /apatb_myproject_top/layer4_out_187_ap_vld -into $tb_return_group -color #ffff00 -radix hex
## add_wave /apatb_myproject_top/layer4_out_186_ap_vld -into $tb_return_group -color #ffff00 -radix hex
## add_wave /apatb_myproject_top/layer4_out_185_ap_vld -into $tb_return_group -color #ffff00 -radix hex
## add_wave /apatb_myproject_top/layer4_out_184_ap_vld -into $tb_return_group -color #ffff00 -radix hex
## add_wave /apatb_myproject_top/layer4_out_183_ap_vld -into $tb_return_group -color #ffff00 -radix hex
## add_wave /apatb_myproject_top/layer4_out_182_ap_vld -into $tb_return_group -color #ffff00 -radix hex
## add_wave /apatb_myproject_top/layer4_out_181_ap_vld -into $tb_return_group -color #ffff00 -radix hex
## add_wave /apatb_myproject_top/layer4_out_180_ap_vld -into $tb_return_group -color #ffff00 -radix hex
## add_wave /apatb_myproject_top/layer4_out_179_ap_vld -into $tb_return_group -color #ffff00 -radix hex
## add_wave /apatb_myproject_top/layer4_out_178_ap_vld -into $tb_return_group -color #ffff00 -radix hex
## add_wave /apatb_myproject_top/layer4_out_177_ap_vld -into $tb_return_group -color #ffff00 -radix hex
## add_wave /apatb_myproject_top/layer4_out_176_ap_vld -into $tb_return_group -color #ffff00 -radix hex
## add_wave /apatb_myproject_top/layer4_out_175_ap_vld -into $tb_return_group -color #ffff00 -radix hex
## add_wave /apatb_myproject_top/layer4_out_174_ap_vld -into $tb_return_group -color #ffff00 -radix hex
## add_wave /apatb_myproject_top/layer4_out_173_ap_vld -into $tb_return_group -color #ffff00 -radix hex
## add_wave /apatb_myproject_top/layer4_out_172_ap_vld -into $tb_return_group -color #ffff00 -radix hex
## add_wave /apatb_myproject_top/layer4_out_171_ap_vld -into $tb_return_group -color #ffff00 -radix hex
## add_wave /apatb_myproject_top/layer4_out_170_ap_vld -into $tb_return_group -color #ffff00 -radix hex
## add_wave /apatb_myproject_top/layer4_out_169_ap_vld -into $tb_return_group -color #ffff00 -radix hex
## add_wave /apatb_myproject_top/layer4_out_168_ap_vld -into $tb_return_group -color #ffff00 -radix hex
## add_wave /apatb_myproject_top/layer4_out_167_ap_vld -into $tb_return_group -color #ffff00 -radix hex
## add_wave /apatb_myproject_top/layer4_out_166_ap_vld -into $tb_return_group -color #ffff00 -radix hex
## add_wave /apatb_myproject_top/layer4_out_165_ap_vld -into $tb_return_group -color #ffff00 -radix hex
## add_wave /apatb_myproject_top/layer4_out_164_ap_vld -into $tb_return_group -color #ffff00 -radix hex
## add_wave /apatb_myproject_top/layer4_out_163_ap_vld -into $tb_return_group -color #ffff00 -radix hex
## add_wave /apatb_myproject_top/layer4_out_162_ap_vld -into $tb_return_group -color #ffff00 -radix hex
## add_wave /apatb_myproject_top/layer4_out_161_ap_vld -into $tb_return_group -color #ffff00 -radix hex
## add_wave /apatb_myproject_top/layer4_out_160_ap_vld -into $tb_return_group -color #ffff00 -radix hex
## add_wave /apatb_myproject_top/layer4_out_159_ap_vld -into $tb_return_group -color #ffff00 -radix hex
## add_wave /apatb_myproject_top/layer4_out_158_ap_vld -into $tb_return_group -color #ffff00 -radix hex
## add_wave /apatb_myproject_top/layer4_out_157_ap_vld -into $tb_return_group -color #ffff00 -radix hex
## add_wave /apatb_myproject_top/layer4_out_156_ap_vld -into $tb_return_group -color #ffff00 -radix hex
## add_wave /apatb_myproject_top/layer4_out_155_ap_vld -into $tb_return_group -color #ffff00 -radix hex
## add_wave /apatb_myproject_top/layer4_out_154_ap_vld -into $tb_return_group -color #ffff00 -radix hex
## add_wave /apatb_myproject_top/layer4_out_153_ap_vld -into $tb_return_group -color #ffff00 -radix hex
## add_wave /apatb_myproject_top/layer4_out_152_ap_vld -into $tb_return_group -color #ffff00 -radix hex
## add_wave /apatb_myproject_top/layer4_out_151_ap_vld -into $tb_return_group -color #ffff00 -radix hex
## add_wave /apatb_myproject_top/layer4_out_150_ap_vld -into $tb_return_group -color #ffff00 -radix hex
## add_wave /apatb_myproject_top/layer4_out_149_ap_vld -into $tb_return_group -color #ffff00 -radix hex
## add_wave /apatb_myproject_top/layer4_out_148_ap_vld -into $tb_return_group -color #ffff00 -radix hex
## add_wave /apatb_myproject_top/layer4_out_147_ap_vld -into $tb_return_group -color #ffff00 -radix hex
## add_wave /apatb_myproject_top/layer4_out_146_ap_vld -into $tb_return_group -color #ffff00 -radix hex
## add_wave /apatb_myproject_top/layer4_out_145_ap_vld -into $tb_return_group -color #ffff00 -radix hex
## add_wave /apatb_myproject_top/layer4_out_144_ap_vld -into $tb_return_group -color #ffff00 -radix hex
## add_wave /apatb_myproject_top/layer4_out_143_ap_vld -into $tb_return_group -color #ffff00 -radix hex
## add_wave /apatb_myproject_top/layer4_out_142_ap_vld -into $tb_return_group -color #ffff00 -radix hex
## add_wave /apatb_myproject_top/layer4_out_141_ap_vld -into $tb_return_group -color #ffff00 -radix hex
## add_wave /apatb_myproject_top/layer4_out_140_ap_vld -into $tb_return_group -color #ffff00 -radix hex
## add_wave /apatb_myproject_top/layer4_out_139_ap_vld -into $tb_return_group -color #ffff00 -radix hex
## add_wave /apatb_myproject_top/layer4_out_138_ap_vld -into $tb_return_group -color #ffff00 -radix hex
## add_wave /apatb_myproject_top/layer4_out_137_ap_vld -into $tb_return_group -color #ffff00 -radix hex
## add_wave /apatb_myproject_top/layer4_out_136_ap_vld -into $tb_return_group -color #ffff00 -radix hex
## add_wave /apatb_myproject_top/layer4_out_135_ap_vld -into $tb_return_group -color #ffff00 -radix hex
## add_wave /apatb_myproject_top/layer4_out_134_ap_vld -into $tb_return_group -color #ffff00 -radix hex
## add_wave /apatb_myproject_top/layer4_out_133_ap_vld -into $tb_return_group -color #ffff00 -radix hex
## add_wave /apatb_myproject_top/layer4_out_132_ap_vld -into $tb_return_group -color #ffff00 -radix hex
## add_wave /apatb_myproject_top/layer4_out_131_ap_vld -into $tb_return_group -color #ffff00 -radix hex
## add_wave /apatb_myproject_top/layer4_out_130_ap_vld -into $tb_return_group -color #ffff00 -radix hex
## add_wave /apatb_myproject_top/layer4_out_129_ap_vld -into $tb_return_group -color #ffff00 -radix hex
## add_wave /apatb_myproject_top/layer4_out_128_ap_vld -into $tb_return_group -color #ffff00 -radix hex
## add_wave /apatb_myproject_top/layer4_out_127_ap_vld -into $tb_return_group -color #ffff00 -radix hex
## add_wave /apatb_myproject_top/layer4_out_126_ap_vld -into $tb_return_group -color #ffff00 -radix hex
## add_wave /apatb_myproject_top/layer4_out_125_ap_vld -into $tb_return_group -color #ffff00 -radix hex
## add_wave /apatb_myproject_top/layer4_out_124_ap_vld -into $tb_return_group -color #ffff00 -radix hex
## add_wave /apatb_myproject_top/layer4_out_123_ap_vld -into $tb_return_group -color #ffff00 -radix hex
## add_wave /apatb_myproject_top/layer4_out_122_ap_vld -into $tb_return_group -color #ffff00 -radix hex
## add_wave /apatb_myproject_top/layer4_out_121_ap_vld -into $tb_return_group -color #ffff00 -radix hex
## add_wave /apatb_myproject_top/layer4_out_120_ap_vld -into $tb_return_group -color #ffff00 -radix hex
## add_wave /apatb_myproject_top/layer4_out_119_ap_vld -into $tb_return_group -color #ffff00 -radix hex
## add_wave /apatb_myproject_top/layer4_out_118_ap_vld -into $tb_return_group -color #ffff00 -radix hex
## add_wave /apatb_myproject_top/layer4_out_117_ap_vld -into $tb_return_group -color #ffff00 -radix hex
## add_wave /apatb_myproject_top/layer4_out_116_ap_vld -into $tb_return_group -color #ffff00 -radix hex
## add_wave /apatb_myproject_top/layer4_out_115_ap_vld -into $tb_return_group -color #ffff00 -radix hex
## add_wave /apatb_myproject_top/layer4_out_114_ap_vld -into $tb_return_group -color #ffff00 -radix hex
## add_wave /apatb_myproject_top/layer4_out_113_ap_vld -into $tb_return_group -color #ffff00 -radix hex
## add_wave /apatb_myproject_top/layer4_out_112_ap_vld -into $tb_return_group -color #ffff00 -radix hex
## add_wave /apatb_myproject_top/layer4_out_111_ap_vld -into $tb_return_group -color #ffff00 -radix hex
## add_wave /apatb_myproject_top/layer4_out_110_ap_vld -into $tb_return_group -color #ffff00 -radix hex
## add_wave /apatb_myproject_top/layer4_out_109_ap_vld -into $tb_return_group -color #ffff00 -radix hex
## add_wave /apatb_myproject_top/layer4_out_108_ap_vld -into $tb_return_group -color #ffff00 -radix hex
## add_wave /apatb_myproject_top/layer4_out_107_ap_vld -into $tb_return_group -color #ffff00 -radix hex
## add_wave /apatb_myproject_top/layer4_out_106_ap_vld -into $tb_return_group -color #ffff00 -radix hex
## add_wave /apatb_myproject_top/layer4_out_105_ap_vld -into $tb_return_group -color #ffff00 -radix hex
## add_wave /apatb_myproject_top/layer4_out_104_ap_vld -into $tb_return_group -color #ffff00 -radix hex
## add_wave /apatb_myproject_top/layer4_out_103_ap_vld -into $tb_return_group -color #ffff00 -radix hex
## add_wave /apatb_myproject_top/layer4_out_102_ap_vld -into $tb_return_group -color #ffff00 -radix hex
## add_wave /apatb_myproject_top/layer4_out_101_ap_vld -into $tb_return_group -color #ffff00 -radix hex
## add_wave /apatb_myproject_top/layer4_out_100_ap_vld -into $tb_return_group -color #ffff00 -radix hex
## add_wave /apatb_myproject_top/layer4_out_99_ap_vld -into $tb_return_group -color #ffff00 -radix hex
## add_wave /apatb_myproject_top/layer4_out_98_ap_vld -into $tb_return_group -color #ffff00 -radix hex
## add_wave /apatb_myproject_top/layer4_out_97_ap_vld -into $tb_return_group -color #ffff00 -radix hex
## add_wave /apatb_myproject_top/layer4_out_96_ap_vld -into $tb_return_group -color #ffff00 -radix hex
## add_wave /apatb_myproject_top/layer4_out_95_ap_vld -into $tb_return_group -color #ffff00 -radix hex
## add_wave /apatb_myproject_top/layer4_out_94_ap_vld -into $tb_return_group -color #ffff00 -radix hex
## add_wave /apatb_myproject_top/layer4_out_93_ap_vld -into $tb_return_group -color #ffff00 -radix hex
## add_wave /apatb_myproject_top/layer4_out_92_ap_vld -into $tb_return_group -color #ffff00 -radix hex
## add_wave /apatb_myproject_top/layer4_out_91_ap_vld -into $tb_return_group -color #ffff00 -radix hex
## add_wave /apatb_myproject_top/layer4_out_90_ap_vld -into $tb_return_group -color #ffff00 -radix hex
## add_wave /apatb_myproject_top/layer4_out_89_ap_vld -into $tb_return_group -color #ffff00 -radix hex
## add_wave /apatb_myproject_top/layer4_out_88_ap_vld -into $tb_return_group -color #ffff00 -radix hex
## add_wave /apatb_myproject_top/layer4_out_87_ap_vld -into $tb_return_group -color #ffff00 -radix hex
## add_wave /apatb_myproject_top/layer4_out_86_ap_vld -into $tb_return_group -color #ffff00 -radix hex
## add_wave /apatb_myproject_top/layer4_out_85_ap_vld -into $tb_return_group -color #ffff00 -radix hex
## add_wave /apatb_myproject_top/layer4_out_84_ap_vld -into $tb_return_group -color #ffff00 -radix hex
## add_wave /apatb_myproject_top/layer4_out_83_ap_vld -into $tb_return_group -color #ffff00 -radix hex
## add_wave /apatb_myproject_top/layer4_out_82_ap_vld -into $tb_return_group -color #ffff00 -radix hex
## add_wave /apatb_myproject_top/layer4_out_81_ap_vld -into $tb_return_group -color #ffff00 -radix hex
## add_wave /apatb_myproject_top/layer4_out_80_ap_vld -into $tb_return_group -color #ffff00 -radix hex
## add_wave /apatb_myproject_top/layer4_out_79_ap_vld -into $tb_return_group -color #ffff00 -radix hex
## add_wave /apatb_myproject_top/layer4_out_78_ap_vld -into $tb_return_group -color #ffff00 -radix hex
## add_wave /apatb_myproject_top/layer4_out_77_ap_vld -into $tb_return_group -color #ffff00 -radix hex
## add_wave /apatb_myproject_top/layer4_out_76_ap_vld -into $tb_return_group -color #ffff00 -radix hex
## add_wave /apatb_myproject_top/layer4_out_75_ap_vld -into $tb_return_group -color #ffff00 -radix hex
## add_wave /apatb_myproject_top/layer4_out_74_ap_vld -into $tb_return_group -color #ffff00 -radix hex
## add_wave /apatb_myproject_top/layer4_out_73_ap_vld -into $tb_return_group -color #ffff00 -radix hex
## add_wave /apatb_myproject_top/layer4_out_72_ap_vld -into $tb_return_group -color #ffff00 -radix hex
## add_wave /apatb_myproject_top/layer4_out_71_ap_vld -into $tb_return_group -color #ffff00 -radix hex
## add_wave /apatb_myproject_top/layer4_out_70_ap_vld -into $tb_return_group -color #ffff00 -radix hex
## add_wave /apatb_myproject_top/layer4_out_69_ap_vld -into $tb_return_group -color #ffff00 -radix hex
## add_wave /apatb_myproject_top/layer4_out_68_ap_vld -into $tb_return_group -color #ffff00 -radix hex
## add_wave /apatb_myproject_top/layer4_out_67_ap_vld -into $tb_return_group -color #ffff00 -radix hex
## add_wave /apatb_myproject_top/layer4_out_66_ap_vld -into $tb_return_group -color #ffff00 -radix hex
## add_wave /apatb_myproject_top/layer4_out_65_ap_vld -into $tb_return_group -color #ffff00 -radix hex
## add_wave /apatb_myproject_top/layer4_out_64_ap_vld -into $tb_return_group -color #ffff00 -radix hex
## add_wave /apatb_myproject_top/layer4_out_63_ap_vld -into $tb_return_group -color #ffff00 -radix hex
## add_wave /apatb_myproject_top/layer4_out_62_ap_vld -into $tb_return_group -color #ffff00 -radix hex
## add_wave /apatb_myproject_top/layer4_out_61_ap_vld -into $tb_return_group -color #ffff00 -radix hex
## add_wave /apatb_myproject_top/layer4_out_60_ap_vld -into $tb_return_group -color #ffff00 -radix hex
## add_wave /apatb_myproject_top/layer4_out_59_ap_vld -into $tb_return_group -color #ffff00 -radix hex
## add_wave /apatb_myproject_top/layer4_out_58_ap_vld -into $tb_return_group -color #ffff00 -radix hex
## add_wave /apatb_myproject_top/layer4_out_57_ap_vld -into $tb_return_group -color #ffff00 -radix hex
## add_wave /apatb_myproject_top/layer4_out_56_ap_vld -into $tb_return_group -color #ffff00 -radix hex
## add_wave /apatb_myproject_top/layer4_out_55_ap_vld -into $tb_return_group -color #ffff00 -radix hex
## add_wave /apatb_myproject_top/layer4_out_54_ap_vld -into $tb_return_group -color #ffff00 -radix hex
## add_wave /apatb_myproject_top/layer4_out_53_ap_vld -into $tb_return_group -color #ffff00 -radix hex
## add_wave /apatb_myproject_top/layer4_out_52_ap_vld -into $tb_return_group -color #ffff00 -radix hex
## add_wave /apatb_myproject_top/layer4_out_51_ap_vld -into $tb_return_group -color #ffff00 -radix hex
## add_wave /apatb_myproject_top/layer4_out_50_ap_vld -into $tb_return_group -color #ffff00 -radix hex
## add_wave /apatb_myproject_top/layer4_out_49_ap_vld -into $tb_return_group -color #ffff00 -radix hex
## add_wave /apatb_myproject_top/layer4_out_48_ap_vld -into $tb_return_group -color #ffff00 -radix hex
## add_wave /apatb_myproject_top/layer4_out_47_ap_vld -into $tb_return_group -color #ffff00 -radix hex
## add_wave /apatb_myproject_top/layer4_out_46_ap_vld -into $tb_return_group -color #ffff00 -radix hex
## add_wave /apatb_myproject_top/layer4_out_45_ap_vld -into $tb_return_group -color #ffff00 -radix hex
## add_wave /apatb_myproject_top/layer4_out_44_ap_vld -into $tb_return_group -color #ffff00 -radix hex
## add_wave /apatb_myproject_top/layer4_out_43_ap_vld -into $tb_return_group -color #ffff00 -radix hex
## add_wave /apatb_myproject_top/layer4_out_42_ap_vld -into $tb_return_group -color #ffff00 -radix hex
## add_wave /apatb_myproject_top/layer4_out_41_ap_vld -into $tb_return_group -color #ffff00 -radix hex
## add_wave /apatb_myproject_top/layer4_out_40_ap_vld -into $tb_return_group -color #ffff00 -radix hex
## add_wave /apatb_myproject_top/layer4_out_39_ap_vld -into $tb_return_group -color #ffff00 -radix hex
## add_wave /apatb_myproject_top/layer4_out_38_ap_vld -into $tb_return_group -color #ffff00 -radix hex
## add_wave /apatb_myproject_top/layer4_out_37_ap_vld -into $tb_return_group -color #ffff00 -radix hex
## add_wave /apatb_myproject_top/layer4_out_36_ap_vld -into $tb_return_group -color #ffff00 -radix hex
## add_wave /apatb_myproject_top/layer4_out_35_ap_vld -into $tb_return_group -color #ffff00 -radix hex
## add_wave /apatb_myproject_top/layer4_out_34_ap_vld -into $tb_return_group -color #ffff00 -radix hex
## add_wave /apatb_myproject_top/layer4_out_33_ap_vld -into $tb_return_group -color #ffff00 -radix hex
## add_wave /apatb_myproject_top/layer4_out_32_ap_vld -into $tb_return_group -color #ffff00 -radix hex
## add_wave /apatb_myproject_top/layer4_out_31_ap_vld -into $tb_return_group -color #ffff00 -radix hex
## add_wave /apatb_myproject_top/layer4_out_30_ap_vld -into $tb_return_group -color #ffff00 -radix hex
## add_wave /apatb_myproject_top/layer4_out_29_ap_vld -into $tb_return_group -color #ffff00 -radix hex
## add_wave /apatb_myproject_top/layer4_out_28_ap_vld -into $tb_return_group -color #ffff00 -radix hex
## add_wave /apatb_myproject_top/layer4_out_27_ap_vld -into $tb_return_group -color #ffff00 -radix hex
## add_wave /apatb_myproject_top/layer4_out_26_ap_vld -into $tb_return_group -color #ffff00 -radix hex
## add_wave /apatb_myproject_top/layer4_out_25_ap_vld -into $tb_return_group -color #ffff00 -radix hex
## add_wave /apatb_myproject_top/layer4_out_24_ap_vld -into $tb_return_group -color #ffff00 -radix hex
## add_wave /apatb_myproject_top/layer4_out_23_ap_vld -into $tb_return_group -color #ffff00 -radix hex
## add_wave /apatb_myproject_top/layer4_out_22_ap_vld -into $tb_return_group -color #ffff00 -radix hex
## add_wave /apatb_myproject_top/layer4_out_21_ap_vld -into $tb_return_group -color #ffff00 -radix hex
## add_wave /apatb_myproject_top/layer4_out_20_ap_vld -into $tb_return_group -color #ffff00 -radix hex
## add_wave /apatb_myproject_top/layer4_out_19_ap_vld -into $tb_return_group -color #ffff00 -radix hex
## add_wave /apatb_myproject_top/layer4_out_18_ap_vld -into $tb_return_group -color #ffff00 -radix hex
## add_wave /apatb_myproject_top/layer4_out_17_ap_vld -into $tb_return_group -color #ffff00 -radix hex
## add_wave /apatb_myproject_top/layer4_out_16_ap_vld -into $tb_return_group -color #ffff00 -radix hex
## add_wave /apatb_myproject_top/layer4_out_15_ap_vld -into $tb_return_group -color #ffff00 -radix hex
## add_wave /apatb_myproject_top/layer4_out_14_ap_vld -into $tb_return_group -color #ffff00 -radix hex
## add_wave /apatb_myproject_top/layer4_out_13_ap_vld -into $tb_return_group -color #ffff00 -radix hex
## add_wave /apatb_myproject_top/layer4_out_12_ap_vld -into $tb_return_group -color #ffff00 -radix hex
## add_wave /apatb_myproject_top/layer4_out_11_ap_vld -into $tb_return_group -color #ffff00 -radix hex
## add_wave /apatb_myproject_top/layer4_out_10_ap_vld -into $tb_return_group -color #ffff00 -radix hex
## add_wave /apatb_myproject_top/layer4_out_9_ap_vld -into $tb_return_group -color #ffff00 -radix hex
## add_wave /apatb_myproject_top/layer4_out_8_ap_vld -into $tb_return_group -color #ffff00 -radix hex
## add_wave /apatb_myproject_top/layer4_out_7_ap_vld -into $tb_return_group -color #ffff00 -radix hex
## add_wave /apatb_myproject_top/layer4_out_6_ap_vld -into $tb_return_group -color #ffff00 -radix hex
## add_wave /apatb_myproject_top/layer4_out_5_ap_vld -into $tb_return_group -color #ffff00 -radix hex
## add_wave /apatb_myproject_top/layer4_out_4_ap_vld -into $tb_return_group -color #ffff00 -radix hex
## add_wave /apatb_myproject_top/layer4_out_3_ap_vld -into $tb_return_group -color #ffff00 -radix hex
## add_wave /apatb_myproject_top/layer4_out_2_ap_vld -into $tb_return_group -color #ffff00 -radix hex
## add_wave /apatb_myproject_top/layer4_out_1_ap_vld -into $tb_return_group -color #ffff00 -radix hex
## add_wave /apatb_myproject_top/layer4_out_0_ap_vld -into $tb_return_group -color #ffff00 -radix hex
## add_wave /apatb_myproject_top/layer4_out_255 -into $tb_return_group -radix hex
## add_wave /apatb_myproject_top/layer4_out_254 -into $tb_return_group -radix hex
## add_wave /apatb_myproject_top/layer4_out_253 -into $tb_return_group -radix hex
## add_wave /apatb_myproject_top/layer4_out_252 -into $tb_return_group -radix hex
## add_wave /apatb_myproject_top/layer4_out_251 -into $tb_return_group -radix hex
## add_wave /apatb_myproject_top/layer4_out_250 -into $tb_return_group -radix hex
## add_wave /apatb_myproject_top/layer4_out_249 -into $tb_return_group -radix hex
## add_wave /apatb_myproject_top/layer4_out_248 -into $tb_return_group -radix hex
## add_wave /apatb_myproject_top/layer4_out_247 -into $tb_return_group -radix hex
## add_wave /apatb_myproject_top/layer4_out_246 -into $tb_return_group -radix hex
## add_wave /apatb_myproject_top/layer4_out_245 -into $tb_return_group -radix hex
## add_wave /apatb_myproject_top/layer4_out_244 -into $tb_return_group -radix hex
## add_wave /apatb_myproject_top/layer4_out_243 -into $tb_return_group -radix hex
## add_wave /apatb_myproject_top/layer4_out_242 -into $tb_return_group -radix hex
## add_wave /apatb_myproject_top/layer4_out_241 -into $tb_return_group -radix hex
## add_wave /apatb_myproject_top/layer4_out_240 -into $tb_return_group -radix hex
## add_wave /apatb_myproject_top/layer4_out_239 -into $tb_return_group -radix hex
## add_wave /apatb_myproject_top/layer4_out_238 -into $tb_return_group -radix hex
## add_wave /apatb_myproject_top/layer4_out_237 -into $tb_return_group -radix hex
## add_wave /apatb_myproject_top/layer4_out_236 -into $tb_return_group -radix hex
## add_wave /apatb_myproject_top/layer4_out_235 -into $tb_return_group -radix hex
## add_wave /apatb_myproject_top/layer4_out_234 -into $tb_return_group -radix hex
## add_wave /apatb_myproject_top/layer4_out_233 -into $tb_return_group -radix hex
## add_wave /apatb_myproject_top/layer4_out_232 -into $tb_return_group -radix hex
## add_wave /apatb_myproject_top/layer4_out_231 -into $tb_return_group -radix hex
## add_wave /apatb_myproject_top/layer4_out_230 -into $tb_return_group -radix hex
## add_wave /apatb_myproject_top/layer4_out_229 -into $tb_return_group -radix hex
## add_wave /apatb_myproject_top/layer4_out_228 -into $tb_return_group -radix hex
## add_wave /apatb_myproject_top/layer4_out_227 -into $tb_return_group -radix hex
## add_wave /apatb_myproject_top/layer4_out_226 -into $tb_return_group -radix hex
## add_wave /apatb_myproject_top/layer4_out_225 -into $tb_return_group -radix hex
## add_wave /apatb_myproject_top/layer4_out_224 -into $tb_return_group -radix hex
## add_wave /apatb_myproject_top/layer4_out_223 -into $tb_return_group -radix hex
## add_wave /apatb_myproject_top/layer4_out_222 -into $tb_return_group -radix hex
## add_wave /apatb_myproject_top/layer4_out_221 -into $tb_return_group -radix hex
## add_wave /apatb_myproject_top/layer4_out_220 -into $tb_return_group -radix hex
## add_wave /apatb_myproject_top/layer4_out_219 -into $tb_return_group -radix hex
## add_wave /apatb_myproject_top/layer4_out_218 -into $tb_return_group -radix hex
## add_wave /apatb_myproject_top/layer4_out_217 -into $tb_return_group -radix hex
## add_wave /apatb_myproject_top/layer4_out_216 -into $tb_return_group -radix hex
## add_wave /apatb_myproject_top/layer4_out_215 -into $tb_return_group -radix hex
## add_wave /apatb_myproject_top/layer4_out_214 -into $tb_return_group -radix hex
## add_wave /apatb_myproject_top/layer4_out_213 -into $tb_return_group -radix hex
## add_wave /apatb_myproject_top/layer4_out_212 -into $tb_return_group -radix hex
## add_wave /apatb_myproject_top/layer4_out_211 -into $tb_return_group -radix hex
## add_wave /apatb_myproject_top/layer4_out_210 -into $tb_return_group -radix hex
## add_wave /apatb_myproject_top/layer4_out_209 -into $tb_return_group -radix hex
## add_wave /apatb_myproject_top/layer4_out_208 -into $tb_return_group -radix hex
## add_wave /apatb_myproject_top/layer4_out_207 -into $tb_return_group -radix hex
## add_wave /apatb_myproject_top/layer4_out_206 -into $tb_return_group -radix hex
## add_wave /apatb_myproject_top/layer4_out_205 -into $tb_return_group -radix hex
## add_wave /apatb_myproject_top/layer4_out_204 -into $tb_return_group -radix hex
## add_wave /apatb_myproject_top/layer4_out_203 -into $tb_return_group -radix hex
## add_wave /apatb_myproject_top/layer4_out_202 -into $tb_return_group -radix hex
## add_wave /apatb_myproject_top/layer4_out_201 -into $tb_return_group -radix hex
## add_wave /apatb_myproject_top/layer4_out_200 -into $tb_return_group -radix hex
## add_wave /apatb_myproject_top/layer4_out_199 -into $tb_return_group -radix hex
## add_wave /apatb_myproject_top/layer4_out_198 -into $tb_return_group -radix hex
## add_wave /apatb_myproject_top/layer4_out_197 -into $tb_return_group -radix hex
## add_wave /apatb_myproject_top/layer4_out_196 -into $tb_return_group -radix hex
## add_wave /apatb_myproject_top/layer4_out_195 -into $tb_return_group -radix hex
## add_wave /apatb_myproject_top/layer4_out_194 -into $tb_return_group -radix hex
## add_wave /apatb_myproject_top/layer4_out_193 -into $tb_return_group -radix hex
## add_wave /apatb_myproject_top/layer4_out_192 -into $tb_return_group -radix hex
## add_wave /apatb_myproject_top/layer4_out_191 -into $tb_return_group -radix hex
## add_wave /apatb_myproject_top/layer4_out_190 -into $tb_return_group -radix hex
## add_wave /apatb_myproject_top/layer4_out_189 -into $tb_return_group -radix hex
## add_wave /apatb_myproject_top/layer4_out_188 -into $tb_return_group -radix hex
## add_wave /apatb_myproject_top/layer4_out_187 -into $tb_return_group -radix hex
## add_wave /apatb_myproject_top/layer4_out_186 -into $tb_return_group -radix hex
## add_wave /apatb_myproject_top/layer4_out_185 -into $tb_return_group -radix hex
## add_wave /apatb_myproject_top/layer4_out_184 -into $tb_return_group -radix hex
## add_wave /apatb_myproject_top/layer4_out_183 -into $tb_return_group -radix hex
## add_wave /apatb_myproject_top/layer4_out_182 -into $tb_return_group -radix hex
## add_wave /apatb_myproject_top/layer4_out_181 -into $tb_return_group -radix hex
## add_wave /apatb_myproject_top/layer4_out_180 -into $tb_return_group -radix hex
## add_wave /apatb_myproject_top/layer4_out_179 -into $tb_return_group -radix hex
## add_wave /apatb_myproject_top/layer4_out_178 -into $tb_return_group -radix hex
## add_wave /apatb_myproject_top/layer4_out_177 -into $tb_return_group -radix hex
## add_wave /apatb_myproject_top/layer4_out_176 -into $tb_return_group -radix hex
## add_wave /apatb_myproject_top/layer4_out_175 -into $tb_return_group -radix hex
## add_wave /apatb_myproject_top/layer4_out_174 -into $tb_return_group -radix hex
## add_wave /apatb_myproject_top/layer4_out_173 -into $tb_return_group -radix hex
## add_wave /apatb_myproject_top/layer4_out_172 -into $tb_return_group -radix hex
## add_wave /apatb_myproject_top/layer4_out_171 -into $tb_return_group -radix hex
## add_wave /apatb_myproject_top/layer4_out_170 -into $tb_return_group -radix hex
## add_wave /apatb_myproject_top/layer4_out_169 -into $tb_return_group -radix hex
## add_wave /apatb_myproject_top/layer4_out_168 -into $tb_return_group -radix hex
## add_wave /apatb_myproject_top/layer4_out_167 -into $tb_return_group -radix hex
## add_wave /apatb_myproject_top/layer4_out_166 -into $tb_return_group -radix hex
## add_wave /apatb_myproject_top/layer4_out_165 -into $tb_return_group -radix hex
## add_wave /apatb_myproject_top/layer4_out_164 -into $tb_return_group -radix hex
## add_wave /apatb_myproject_top/layer4_out_163 -into $tb_return_group -radix hex
## add_wave /apatb_myproject_top/layer4_out_162 -into $tb_return_group -radix hex
## add_wave /apatb_myproject_top/layer4_out_161 -into $tb_return_group -radix hex
## add_wave /apatb_myproject_top/layer4_out_160 -into $tb_return_group -radix hex
## add_wave /apatb_myproject_top/layer4_out_159 -into $tb_return_group -radix hex
## add_wave /apatb_myproject_top/layer4_out_158 -into $tb_return_group -radix hex
## add_wave /apatb_myproject_top/layer4_out_157 -into $tb_return_group -radix hex
## add_wave /apatb_myproject_top/layer4_out_156 -into $tb_return_group -radix hex
## add_wave /apatb_myproject_top/layer4_out_155 -into $tb_return_group -radix hex
## add_wave /apatb_myproject_top/layer4_out_154 -into $tb_return_group -radix hex
## add_wave /apatb_myproject_top/layer4_out_153 -into $tb_return_group -radix hex
## add_wave /apatb_myproject_top/layer4_out_152 -into $tb_return_group -radix hex
## add_wave /apatb_myproject_top/layer4_out_151 -into $tb_return_group -radix hex
## add_wave /apatb_myproject_top/layer4_out_150 -into $tb_return_group -radix hex
## add_wave /apatb_myproject_top/layer4_out_149 -into $tb_return_group -radix hex
## add_wave /apatb_myproject_top/layer4_out_148 -into $tb_return_group -radix hex
## add_wave /apatb_myproject_top/layer4_out_147 -into $tb_return_group -radix hex
## add_wave /apatb_myproject_top/layer4_out_146 -into $tb_return_group -radix hex
## add_wave /apatb_myproject_top/layer4_out_145 -into $tb_return_group -radix hex
## add_wave /apatb_myproject_top/layer4_out_144 -into $tb_return_group -radix hex
## add_wave /apatb_myproject_top/layer4_out_143 -into $tb_return_group -radix hex
## add_wave /apatb_myproject_top/layer4_out_142 -into $tb_return_group -radix hex
## add_wave /apatb_myproject_top/layer4_out_141 -into $tb_return_group -radix hex
## add_wave /apatb_myproject_top/layer4_out_140 -into $tb_return_group -radix hex
## add_wave /apatb_myproject_top/layer4_out_139 -into $tb_return_group -radix hex
## add_wave /apatb_myproject_top/layer4_out_138 -into $tb_return_group -radix hex
## add_wave /apatb_myproject_top/layer4_out_137 -into $tb_return_group -radix hex
## add_wave /apatb_myproject_top/layer4_out_136 -into $tb_return_group -radix hex
## add_wave /apatb_myproject_top/layer4_out_135 -into $tb_return_group -radix hex
## add_wave /apatb_myproject_top/layer4_out_134 -into $tb_return_group -radix hex
## add_wave /apatb_myproject_top/layer4_out_133 -into $tb_return_group -radix hex
## add_wave /apatb_myproject_top/layer4_out_132 -into $tb_return_group -radix hex
## add_wave /apatb_myproject_top/layer4_out_131 -into $tb_return_group -radix hex
## add_wave /apatb_myproject_top/layer4_out_130 -into $tb_return_group -radix hex
## add_wave /apatb_myproject_top/layer4_out_129 -into $tb_return_group -radix hex
## add_wave /apatb_myproject_top/layer4_out_128 -into $tb_return_group -radix hex
## add_wave /apatb_myproject_top/layer4_out_127 -into $tb_return_group -radix hex
## add_wave /apatb_myproject_top/layer4_out_126 -into $tb_return_group -radix hex
## add_wave /apatb_myproject_top/layer4_out_125 -into $tb_return_group -radix hex
## add_wave /apatb_myproject_top/layer4_out_124 -into $tb_return_group -radix hex
## add_wave /apatb_myproject_top/layer4_out_123 -into $tb_return_group -radix hex
## add_wave /apatb_myproject_top/layer4_out_122 -into $tb_return_group -radix hex
## add_wave /apatb_myproject_top/layer4_out_121 -into $tb_return_group -radix hex
## add_wave /apatb_myproject_top/layer4_out_120 -into $tb_return_group -radix hex
## add_wave /apatb_myproject_top/layer4_out_119 -into $tb_return_group -radix hex
## add_wave /apatb_myproject_top/layer4_out_118 -into $tb_return_group -radix hex
## add_wave /apatb_myproject_top/layer4_out_117 -into $tb_return_group -radix hex
## add_wave /apatb_myproject_top/layer4_out_116 -into $tb_return_group -radix hex
## add_wave /apatb_myproject_top/layer4_out_115 -into $tb_return_group -radix hex
## add_wave /apatb_myproject_top/layer4_out_114 -into $tb_return_group -radix hex
## add_wave /apatb_myproject_top/layer4_out_113 -into $tb_return_group -radix hex
## add_wave /apatb_myproject_top/layer4_out_112 -into $tb_return_group -radix hex
## add_wave /apatb_myproject_top/layer4_out_111 -into $tb_return_group -radix hex
## add_wave /apatb_myproject_top/layer4_out_110 -into $tb_return_group -radix hex
## add_wave /apatb_myproject_top/layer4_out_109 -into $tb_return_group -radix hex
## add_wave /apatb_myproject_top/layer4_out_108 -into $tb_return_group -radix hex
## add_wave /apatb_myproject_top/layer4_out_107 -into $tb_return_group -radix hex
## add_wave /apatb_myproject_top/layer4_out_106 -into $tb_return_group -radix hex
## add_wave /apatb_myproject_top/layer4_out_105 -into $tb_return_group -radix hex
## add_wave /apatb_myproject_top/layer4_out_104 -into $tb_return_group -radix hex
## add_wave /apatb_myproject_top/layer4_out_103 -into $tb_return_group -radix hex
## add_wave /apatb_myproject_top/layer4_out_102 -into $tb_return_group -radix hex
## add_wave /apatb_myproject_top/layer4_out_101 -into $tb_return_group -radix hex
## add_wave /apatb_myproject_top/layer4_out_100 -into $tb_return_group -radix hex
## add_wave /apatb_myproject_top/layer4_out_99 -into $tb_return_group -radix hex
## add_wave /apatb_myproject_top/layer4_out_98 -into $tb_return_group -radix hex
## add_wave /apatb_myproject_top/layer4_out_97 -into $tb_return_group -radix hex
## add_wave /apatb_myproject_top/layer4_out_96 -into $tb_return_group -radix hex
## add_wave /apatb_myproject_top/layer4_out_95 -into $tb_return_group -radix hex
## add_wave /apatb_myproject_top/layer4_out_94 -into $tb_return_group -radix hex
## add_wave /apatb_myproject_top/layer4_out_93 -into $tb_return_group -radix hex
## add_wave /apatb_myproject_top/layer4_out_92 -into $tb_return_group -radix hex
## add_wave /apatb_myproject_top/layer4_out_91 -into $tb_return_group -radix hex
## add_wave /apatb_myproject_top/layer4_out_90 -into $tb_return_group -radix hex
## add_wave /apatb_myproject_top/layer4_out_89 -into $tb_return_group -radix hex
## add_wave /apatb_myproject_top/layer4_out_88 -into $tb_return_group -radix hex
## add_wave /apatb_myproject_top/layer4_out_87 -into $tb_return_group -radix hex
## add_wave /apatb_myproject_top/layer4_out_86 -into $tb_return_group -radix hex
## add_wave /apatb_myproject_top/layer4_out_85 -into $tb_return_group -radix hex
## add_wave /apatb_myproject_top/layer4_out_84 -into $tb_return_group -radix hex
## add_wave /apatb_myproject_top/layer4_out_83 -into $tb_return_group -radix hex
## add_wave /apatb_myproject_top/layer4_out_82 -into $tb_return_group -radix hex
## add_wave /apatb_myproject_top/layer4_out_81 -into $tb_return_group -radix hex
## add_wave /apatb_myproject_top/layer4_out_80 -into $tb_return_group -radix hex
## add_wave /apatb_myproject_top/layer4_out_79 -into $tb_return_group -radix hex
## add_wave /apatb_myproject_top/layer4_out_78 -into $tb_return_group -radix hex
## add_wave /apatb_myproject_top/layer4_out_77 -into $tb_return_group -radix hex
## add_wave /apatb_myproject_top/layer4_out_76 -into $tb_return_group -radix hex
## add_wave /apatb_myproject_top/layer4_out_75 -into $tb_return_group -radix hex
## add_wave /apatb_myproject_top/layer4_out_74 -into $tb_return_group -radix hex
## add_wave /apatb_myproject_top/layer4_out_73 -into $tb_return_group -radix hex
## add_wave /apatb_myproject_top/layer4_out_72 -into $tb_return_group -radix hex
## add_wave /apatb_myproject_top/layer4_out_71 -into $tb_return_group -radix hex
## add_wave /apatb_myproject_top/layer4_out_70 -into $tb_return_group -radix hex
## add_wave /apatb_myproject_top/layer4_out_69 -into $tb_return_group -radix hex
## add_wave /apatb_myproject_top/layer4_out_68 -into $tb_return_group -radix hex
## add_wave /apatb_myproject_top/layer4_out_67 -into $tb_return_group -radix hex
## add_wave /apatb_myproject_top/layer4_out_66 -into $tb_return_group -radix hex
## add_wave /apatb_myproject_top/layer4_out_65 -into $tb_return_group -radix hex
## add_wave /apatb_myproject_top/layer4_out_64 -into $tb_return_group -radix hex
## add_wave /apatb_myproject_top/layer4_out_63 -into $tb_return_group -radix hex
## add_wave /apatb_myproject_top/layer4_out_62 -into $tb_return_group -radix hex
## add_wave /apatb_myproject_top/layer4_out_61 -into $tb_return_group -radix hex
## add_wave /apatb_myproject_top/layer4_out_60 -into $tb_return_group -radix hex
## add_wave /apatb_myproject_top/layer4_out_59 -into $tb_return_group -radix hex
## add_wave /apatb_myproject_top/layer4_out_58 -into $tb_return_group -radix hex
## add_wave /apatb_myproject_top/layer4_out_57 -into $tb_return_group -radix hex
## add_wave /apatb_myproject_top/layer4_out_56 -into $tb_return_group -radix hex
## add_wave /apatb_myproject_top/layer4_out_55 -into $tb_return_group -radix hex
## add_wave /apatb_myproject_top/layer4_out_54 -into $tb_return_group -radix hex
## add_wave /apatb_myproject_top/layer4_out_53 -into $tb_return_group -radix hex
## add_wave /apatb_myproject_top/layer4_out_52 -into $tb_return_group -radix hex
## add_wave /apatb_myproject_top/layer4_out_51 -into $tb_return_group -radix hex
## add_wave /apatb_myproject_top/layer4_out_50 -into $tb_return_group -radix hex
## add_wave /apatb_myproject_top/layer4_out_49 -into $tb_return_group -radix hex
## add_wave /apatb_myproject_top/layer4_out_48 -into $tb_return_group -radix hex
## add_wave /apatb_myproject_top/layer4_out_47 -into $tb_return_group -radix hex
## add_wave /apatb_myproject_top/layer4_out_46 -into $tb_return_group -radix hex
## add_wave /apatb_myproject_top/layer4_out_45 -into $tb_return_group -radix hex
## add_wave /apatb_myproject_top/layer4_out_44 -into $tb_return_group -radix hex
## add_wave /apatb_myproject_top/layer4_out_43 -into $tb_return_group -radix hex
## add_wave /apatb_myproject_top/layer4_out_42 -into $tb_return_group -radix hex
## add_wave /apatb_myproject_top/layer4_out_41 -into $tb_return_group -radix hex
## add_wave /apatb_myproject_top/layer4_out_40 -into $tb_return_group -radix hex
## add_wave /apatb_myproject_top/layer4_out_39 -into $tb_return_group -radix hex
## add_wave /apatb_myproject_top/layer4_out_38 -into $tb_return_group -radix hex
## add_wave /apatb_myproject_top/layer4_out_37 -into $tb_return_group -radix hex
## add_wave /apatb_myproject_top/layer4_out_36 -into $tb_return_group -radix hex
## add_wave /apatb_myproject_top/layer4_out_35 -into $tb_return_group -radix hex
## add_wave /apatb_myproject_top/layer4_out_34 -into $tb_return_group -radix hex
## add_wave /apatb_myproject_top/layer4_out_33 -into $tb_return_group -radix hex
## add_wave /apatb_myproject_top/layer4_out_32 -into $tb_return_group -radix hex
## add_wave /apatb_myproject_top/layer4_out_31 -into $tb_return_group -radix hex
## add_wave /apatb_myproject_top/layer4_out_30 -into $tb_return_group -radix hex
## add_wave /apatb_myproject_top/layer4_out_29 -into $tb_return_group -radix hex
## add_wave /apatb_myproject_top/layer4_out_28 -into $tb_return_group -radix hex
## add_wave /apatb_myproject_top/layer4_out_27 -into $tb_return_group -radix hex
## add_wave /apatb_myproject_top/layer4_out_26 -into $tb_return_group -radix hex
## add_wave /apatb_myproject_top/layer4_out_25 -into $tb_return_group -radix hex
## add_wave /apatb_myproject_top/layer4_out_24 -into $tb_return_group -radix hex
## add_wave /apatb_myproject_top/layer4_out_23 -into $tb_return_group -radix hex
## add_wave /apatb_myproject_top/layer4_out_22 -into $tb_return_group -radix hex
## add_wave /apatb_myproject_top/layer4_out_21 -into $tb_return_group -radix hex
## add_wave /apatb_myproject_top/layer4_out_20 -into $tb_return_group -radix hex
## add_wave /apatb_myproject_top/layer4_out_19 -into $tb_return_group -radix hex
## add_wave /apatb_myproject_top/layer4_out_18 -into $tb_return_group -radix hex
## add_wave /apatb_myproject_top/layer4_out_17 -into $tb_return_group -radix hex
## add_wave /apatb_myproject_top/layer4_out_16 -into $tb_return_group -radix hex
## add_wave /apatb_myproject_top/layer4_out_15 -into $tb_return_group -radix hex
## add_wave /apatb_myproject_top/layer4_out_14 -into $tb_return_group -radix hex
## add_wave /apatb_myproject_top/layer4_out_13 -into $tb_return_group -radix hex
## add_wave /apatb_myproject_top/layer4_out_12 -into $tb_return_group -radix hex
## add_wave /apatb_myproject_top/layer4_out_11 -into $tb_return_group -radix hex
## add_wave /apatb_myproject_top/layer4_out_10 -into $tb_return_group -radix hex
## add_wave /apatb_myproject_top/layer4_out_9 -into $tb_return_group -radix hex
## add_wave /apatb_myproject_top/layer4_out_8 -into $tb_return_group -radix hex
## add_wave /apatb_myproject_top/layer4_out_7 -into $tb_return_group -radix hex
## add_wave /apatb_myproject_top/layer4_out_6 -into $tb_return_group -radix hex
## add_wave /apatb_myproject_top/layer4_out_5 -into $tb_return_group -radix hex
## add_wave /apatb_myproject_top/layer4_out_4 -into $tb_return_group -radix hex
## add_wave /apatb_myproject_top/layer4_out_3 -into $tb_return_group -radix hex
## add_wave /apatb_myproject_top/layer4_out_2 -into $tb_return_group -radix hex
## add_wave /apatb_myproject_top/layer4_out_1 -into $tb_return_group -radix hex
## add_wave /apatb_myproject_top/layer4_out_0 -into $tb_return_group -radix hex
## set tbcinputgroup [add_wave_group "C Inputs" -into $testbenchgroup]
## set tb_return_group [add_wave_group return(wire) -into $tbcinputgroup]
## add_wave /apatb_myproject_top/inp_ap_vld -into $tb_return_group -color #ffff00 -radix hex
## add_wave /apatb_myproject_top/inp -into $tb_return_group -radix hex
## save_wave_config myproject.wcfg
## run all
////////////////////////////////////////////////////////////////////////////////////
// Inter-Transaction Progress: Completed Transaction / Total Transaction
// Intra-Transaction Progress: Measured Latency / Latency Estimation * 100%
//
// RTL Simulation : "Inter-Transaction Progress" ["Intra-Transaction Progress"] @ "Simulation Time"
////////////////////////////////////////////////////////////////////////////////////
// RTL Simulation : 0 / 5 [0.00%] @ "106000"
// RTL Simulation : 1 / 5 [31.21%] @ "2194000"
// RTL Simulation : 2 / 5 [31.21%] @ "3626000"
// RTL Simulation : 3 / 5 [31.21%] @ "5059000"
// RTL Simulation : 4 / 5 [31.21%] @ "6491000"
// RTL Simulation : 5 / 5 [100.00%] @ "7924000"
////////////////////////////////////////////////////////////////////////////////////
$finish called at time : 7938750 ps : File "/home/users/kayamaguchi/bnjet_hgq2/probe_bitlinear_rf256/myproject_prj/solution1/sim/verilog/myproject.autotb.v" Line 15846
## quit
INFO: [Common 17-206] Exiting xsim at Sat Jul  4 04:45:54 2026...
INFO: [COSIM 212-316] Starting C post checking ...
INFO: Unable to open input/predictions file, using default input.
0 0 0 0 0 0 0 0 0 0 0 0 0 0 0 0 0 0 0.015625 0 0 0 0 0 0 0 0 0 0 0 0 0 0 0 0 0 0 0 0 0 0 0 0 0 0 0 0 0 0 0 0 0 0 0 0 0 0 0 0 0 0 0 0 0 0 0 0 0 0 0 0 0 0 0 0 0 0 0 0 0 0 0 0 0 0 0 0 0 0 0 0 0 0 0 -0.015625 0 0 0 -0.015625 0 0 0 0 0 0 0 0 0 0 0 0 0 0 0 0 0 0 0 0 0 0 0 0 0 0 0 0 0 0 0 0 0 0 0.015625 0 0 0 0 0 0 0 0 0 0 0 0 0 0 0 0 0 0 0 0 0 0 0 0 0 0 0 0 0 0 0 0 0 0 0 0 0 0 -0.015625 0 0 0 0 0 0 0 0 0 0 0 0 0 0 0 0 0 0 0 0 0 0 0 0 0 0 0 0 0 0 0 0 0 0 0 0 0 0 0 0 0 0 0 0 0 0 0 0 0 0 0 0 0 0 0 0 0 0 0 0 0 0 0 0 0 0 0 0 0 0 0 0 0 0 0 0 0 0 0 0.015625 0 0 0 
0 0 0 0 0 0 0 0 0 0 0 0 0 0 0 0 0 0 0.015625 0 0 0 0 0 0 0 0 0 0 0 0 0 0 0 0 0 0 0 0 0 0 0 0 0 0 0 0 0 0 0 0 0 0 0 0 0 0 0 0 0 0 0 0 0 0 0 0 0 0 0 0 0 0 0 0 0 0 0 0 0 0 0 0 0 0 0 0 0 0 0 0 0 0 0 -0.015625 0 0 0 -0.015625 0 0 0 0 0 0 0 0 0 0 0 0 0 0 0 0 0 0 0 0 0 0 0 0 0 0 0 0 0 0 0 0 0 0 0.015625 0 0 0 0 0 0 0 0 0 0 0 0 0 0 0 0 0 0 0 0 0 0 0 0 0 0 0 0 0 0 0 0 0 0 0 0 0 0 -0.015625 0 0 0 0 0 0 0 0 0 0 0 0 0 0 0 0 0 0 0 0 0 0 0 0 0 0 0 0 0 0 0 0 0 0 0 0 0 0 0 0 0 0 0 0 0 0 0 0 0 0 0 0 0 0 0 0 0 0 0 0 0 0 0 0 0 0 0 0 0 0 0 0 0 0 0 0 0 0 0 0.015625 0 0 0 
0 0 0 0 0 0 0 0 0 0 0 0 0 0 0 0 0 0 0.015625 0 0 0 0 0 0 0 0 0 0 0 0 0 0 0 0 0 0 0 0 0 0 0 0 0 0 0 0 0 0 0 0 0 0 0 0 0 0 0 0 0 0 0 0 0 0 0 0 0 0 0 0 0 0 0 0 0 0 0 0 0 0 0 0 0 0 0 0 0 0 0 0 0 0 0 -0.015625 0 0 0 -0.015625 0 0 0 0 0 0 0 0 0 0 0 0 0 0 0 0 0 0 0 0 0 0 0 0 0 0 0 0 0 0 0 0 0 0 0.015625 0 0 0 0 0 0 0 0 0 0 0 0 0 0 0 0 0 0 0 0 0 0 0 0 0 0 0 0 0 0 0 0 0 0 0 0 0 0 -0.015625 0 0 0 0 0 0 0 0 0 0 0 0 0 0 0 0 0 0 0 0 0 0 0 0 0 0 0 0 0 0 0 0 0 0 0 0 0 0 0 0 0 0 0 0 0 0 0 0 0 0 0 0 0 0 0 0 0 0 0 0 0 0 0 0 0 0 0 0 0 0 0 0 0 0 0 0 0 0 0 0.015625 0 0 0 
0 0 0 0 0 0 0 0 0 0 0 0 0 0 0 0 0 0 0.015625 0 0 0 0 0 0 0 0 0 0 0 0 0 0 0 0 0 0 0 0 0 0 0 0 0 0 0 0 0 0 0 0 0 0 0 0 0 0 0 0 0 0 0 0 0 0 0 0 0 0 0 0 0 0 0 0 0 0 0 0 0 0 0 0 0 0 0 0 0 0 0 0 0 0 0 -0.015625 0 0 0 -0.015625 0 0 0 0 0 0 0 0 0 0 0 0 0 0 0 0 0 0 0 0 0 0 0 0 0 0 0 0 0 0 0 0 0 0 0.015625 0 0 0 0 0 0 0 0 0 0 0 0 0 0 0 0 0 0 0 0 0 0 0 0 0 0 0 0 0 0 0 0 0 0 0 0 0 0 -0.015625 0 0 0 0 0 0 0 0 0 0 0 0 0 0 0 0 0 0 0 0 0 0 0 0 0 0 0 0 0 0 0 0 0 0 0 0 0 0 0 0 0 0 0 0 0 0 0 0 0 0 0 0 0 0 0 0 0 0 0 0 0 0 0 0 0 0 0 0 0 0 0 0 0 0 0 0 0 0 0 0.015625 0 0 0 
0 0 0 0 0 0 0 0 0 0 0 0 0 0 0 0 0 0 0.015625 0 0 0 0 0 0 0 0 0 0 0 0 0 0 0 0 0 0 0 0 0 0 0 0 0 0 0 0 0 0 0 0 0 0 0 0 0 0 0 0 0 0 0 0 0 0 0 0 0 0 0 0 0 0 0 0 0 0 0 0 0 0 0 0 0 0 0 0 0 0 0 0 0 0 0 -0.015625 0 0 0 -0.015625 0 0 0 0 0 0 0 0 0 0 0 0 0 0 0 0 0 0 0 0 0 0 0 0 0 0 0 0 0 0 0 0 0 0 0.015625 0 0 0 0 0 0 0 0 0 0 0 0 0 0 0 0 0 0 0 0 0 0 0 0 0 0 0 0 0 0 0 0 0 0 0 0 0 0 -0.015625 0 0 0 0 0 0 0 0 0 0 0 0 0 0 0 0 0 0 0 0 0 0 0 0 0 0 0 0 0 0 0 0 0 0 0 0 0 0 0 0 0 0 0 0 0 0 0 0 0 0 0 0 0 0 0 0 0 0 0 0 0 0 0 0 0 0 0 0 0 0 0 0 0 0 0 0 0 0 0 0.015625 0 0 0 
INFO: Saved inference results to file: tb_data/rtl_cosim_results.log
INFO:
Report time       : Sat Jul  4 04:45:25 PDT 2026.
Solution          : solution1.
Simulation tool   : xsim.

+----------+----------+-----------------------------------------------+-----------------------------------------------+----------------------+
|          |          |             Latency(Clock Cycles)             |              Interval(Clock Cycles)           | Total Execution Time |
+   RTL    +  Status  +-----------------------------------------------+-----------------------------------------------+    (Clock Cycles)    +
|          |          |      min      |      avg      |      max      |      min      |      avg      |      max      |                      |
+----------+----------+-----------------------------------------------+-----------------------------------------------+----------------------+
|      VHDL|        NA|             NA|             NA|             NA|             NA|             NA|             NA|                    NA|
|   Verilog|      Pass|             NA|             NA|             NA|             NA|             NA|             NA|                    NA|
+----------+----------+-----------------------------------------------+-----------------------------------------------+----------------------+

***** C/RTL SIMULATION COMPLETED IN 0h1m19s *****
***** C/RTL VALIDATION *****
INFO: Test PASSED
INFO: [HLS 200-112] Total CPU user time: 537.65 seconds. Total CPU system time: 17.08 seconds. Total elapsed time: 476.61 seconds; peak allocated memory: 1.523 GB.
INFO: [Common 17-206] Exiting vitis_hls at Sat Jul  4 04:45:56 2026...
